title,year,tomatometer,audience_score,box_office,credits,category,Director Name
Armor,2024,No Score Yet,No Score Yet,,Unknown (Character),Movie,Sylvester Stallone
Lost on a Mountain in Maine,2024,58,89,,Producer,Movie,Sylvester Stallone
Sly,2023,81,87,,"Self,Executive Producer",Movie,Sylvester Stallone
Expend4bles,2023,14,70,16244207,Barney Ross (Character),Movie,Sylvester Stallone
Guardians of the Galaxy Vol. 3,2023,82,94,358952096,Stakar Ogord (Character),Movie,Sylvester Stallone
Creed III,2023,89,95,156240128,Producer,Movie,Sylvester Stallone
Samaritan,2022,38,71,,"Joe (Character),Producer",Movie,Sylvester Stallone
Rocky IV: Rocky vs. Drago,2021,72,93,,"Rocky Balboa (Character),Director,Screenwriter",Movie,Sylvester Stallone
The Suicide Squad,2021,90,82,55795456,King Shark (Voice),Movie,Sylvester Stallone
"Stallone: Frank, That Is",2020,60,67,,Unknown (Character),Movie,Sylvester Stallone
Rambo: Last Blood,2019,26,81,44797324,"John Rambo (Character),Screenwriter",Movie,Sylvester Stallone
Escape Plan: The Extractors,2019,No Score Yet,13,,Ray Breslin (Character),Movie,Sylvester Stallone
Backtrace,2018,9,23,,Sykes (Character),Movie,Sylvester Stallone
Creed II,2018,83,80,115715229,"Rocky Balboa (Character),Screenwriter,Producer",Movie,Sylvester Stallone
Escape Plan 2: Hades,2018,7,15,,Ray Breslin (Character),Movie,Sylvester Stallone
Animal Crackers,2017,67,77,,Bullet-Man (Voice),Movie,Sylvester Stallone
John G. Avildsen: King of the Underdogs,2017,No Score Yet,100,,Self,Movie,Sylvester Stallone
Guardians of the Galaxy Vol. 2,2017,85,87,389804217,Stakar Ogord (Character),Movie,Sylvester Stallone
Ratchet & Clank,2016,22,42,8800908,Victor Von Ion (Voice),Movie,Sylvester Stallone
Creed,2015,95,89,109712885,"Rocky Balboa (Character),Producer",Movie,Sylvester Stallone
Reach Me,2014,4,47,,Gerald (Character),Movie,Sylvester Stallone
The Expendables 3,2014,32,48,39292022,"Barney Ross (Character),Screenwriter",Movie,Sylvester Stallone
The Go-Go Boys: The Inside Story of Cannon Films,2014,No Score Yet,60,,Unknown (Character),Movie,Sylvester Stallone
Grudge Match,2013,31,46,29802761,"Henry ""Razor"" Sharp (Character)",Movie,Sylvester Stallone
Homefront,2013,42,61,20097928,"Screenwriter,Producer",Movie,Sylvester Stallone
Escape Plan,2013,50,55,25121291,Ray Breslin (Character),Movie,Sylvester Stallone
Bullet to the Head,2012,45,39,9483821,Jimmy Bobo (James Bonomo) (Character),Movie,Sylvester Stallone
The Expendables 2,2012,68,67,85017401,"Barney Ross (Character),Screenwriter",Movie,Sylvester Stallone
Zookeeper,2011,14,41,80360866,Joe the Lion (Voice),Movie,Sylvester Stallone
The Expendables,2010,42,64,102981571,"Barney Ross (Character),Director,Screenwriter",Movie,Sylvester Stallone
Incredible Love,2009,No Score Yet,31,1445739,Self,Movie,Sylvester Stallone
Amerika Idol,2009,No Score Yet,67,,Unknown (Character),Movie,Sylvester Stallone
Rambo,2008,38,69,42724402,"John Rambo (Character),Director,Screenwriter,Producer",Movie,Sylvester Stallone
Rocky Balboa,2006,78,76,70269171,"Rocky (Character),Director,Writer",Movie,Sylvester Stallone
Shade,2003,67,58,24669,"Dean ""The Dean"" Stevens (Character)",Movie,Sylvester Stallone
Spy Kids 3: Game Over,2003,45,25,111760631,The Toymaker (Character),Movie,Sylvester Stallone
Avenging Angelo,2002,13,33,,Frankie Delano (Character),Movie,Sylvester Stallone
Eye See You,2002,17,28,,Jake Malloy (Character),Movie,Sylvester Stallone
Driven,2001,14,33,32616869,"Joe Tanto (Character),Writer,Producer",Movie,Sylvester Stallone
Get Carter,2000,11,28,14967182,Jack Carter (Character),Movie,Sylvester Stallone
Antz,1998,92,52,90704660,Weaver (Voice),Movie,Sylvester Stallone
Cop Land,1997,75,67,44904450,Sheriff Freddy Heflin (Character),Movie,Sylvester Stallone
"An Alan Smithee Film: Burn, Hollywood, Burn",1997,8,15,43904,Self,Movie,Sylvester Stallone
Daylight,1996,26,37,32885565,Kit Latura (Character),Movie,Sylvester Stallone
Judge Dredd,1995,22,31,34687912,Judge Joseph Dredd (Character),Movie,Sylvester Stallone
Assassins,1995,16,45,,Robert Rath (Character),Movie,Sylvester Stallone
The Specialist,1994,10,29,55210742,Ray Quick (Character),Movie,Sylvester Stallone
Demolition Man,1993,63,67,57168248,John Spartan (Character),Movie,Sylvester Stallone
Cliffhanger,1993,68,52,80544952,"Gabe Walker (Character),Screenwriter",Movie,Sylvester Stallone
Stop! Or My Mom Will Shoot,1992,14,21,26613295,Sgt. Joe Bomowski (Character),Movie,Sylvester Stallone
Oscar,1991,12,64,23548772,"Angelo ""Snaps"" Provolone (Character)",Movie,Sylvester Stallone
Rocky V,1990,32,31,40123474,"Rocky Balboa (Character),Screenwriter",Movie,Sylvester Stallone
Lock Up,1989,31,50,20259548,Frank Leone (Character),Movie,Sylvester Stallone
Tango & Cash,1989,31,52,61772769,Lt. Raymond Tango (Character),Movie,Sylvester Stallone
Rambo III,1988,41,45,53715611,"John J. Rambo (Character),Writer",Movie,Sylvester Stallone
Over the Top,1987,32,50,14021840,"Lincoln Hawk (Character),Screenwriter",Movie,Sylvester Stallone
Cobra,1986,17,43,47542215,"Lieutenant Marion ""Cobra"" Cobretti (Character),Screenwriter",Movie,Sylvester Stallone
Rocky IV,1985,39,79,125409936,"Rocky Balboa (Character),Director,Writer",Movie,Sylvester Stallone
Rambo: First Blood Part II,1985,33,60,150221114,"John J. Rambo (Character),Writer",Movie,Sylvester Stallone
Rhinestone,1984,19,36,,Nick Martinelli (Character),Movie,Sylvester Stallone
Staying Alive,1983,0%,40,,"Director,Producer,Screenwriter",Movie,Sylvester Stallone
First Blood,1982,86,86,,"Rambo (Character),Writer",Movie,Sylvester Stallone
Rocky III,1982,65,74,,"Rocky Balboa (Character),Director,Writer",Movie,Sylvester Stallone
Nighthawks,1981,72,55,,Deke DaSilva (Character),Movie,Sylvester Stallone
Victory,1981,70,71,,Captain Robert Hatch (Character),Movie,Sylvester Stallone
Rocky II,1979,71,82,,"Rocky Balboa (Character),Director,Writer",Movie,Sylvester Stallone
F.I.S.T.,1978,67,56,,"Johnny Kovak (Character),Screenwriter",Movie,Sylvester Stallone
Paradise Alley,1978,40,44,,"Cosmo Carboni (Character),Director,Screenwriter",Movie,Sylvester Stallone
Rocky,1976,93,69,,"Rocky Balboa (Character),Writer",Movie,Sylvester Stallone
"Farewell, My Lovely",1975,70,71,,Jonnie (Character),Movie,Sylvester Stallone
Death Race 2000,1975,82,64,,"""Machine Gun"" Joe Viterbo (Character)",Movie,Sylvester Stallone
The Prisoner of Second Avenue,1975,44,67,,Youth in Park (Character),Movie,Sylvester Stallone
The Lords of Flatbush,1974,67,42,,Stanley Rosiello (Character),Movie,Sylvester Stallone
Rebel,1974,No Score Yet,No Score Yet,,Jerry Savage (Character),Movie,Sylvester Stallone
Tulsa King,2022-2024,89,84,Box office not found,"Dwight ""The General"" Manfredi (Character),Executive Producer",TV Show,Sylvester Stallone
The Family Stallone,2023-2024,89,62,Box office not found,Self,TV Show,Sylvester Stallone
The Tonight Show Starring Jimmy Fallon,"2014,2016,2019,2022,2024-2014,2016,2019,2022,2024",No Score Yet,44,Box office not found,Guest,TV Show,Sylvester Stallone
The Contender,"2005-2008,2018",No Score Yet,No Score Yet,Box office not found,"Executive Producer,Host",TV Show,Sylvester Stallone
Ultimate Beastmaster: France,2017-2018,No Score Yet,No Score Yet,Box office not found,Executive Producer,TV Show,Sylvester Stallone
Ultimate Beastmaster: Mexico,2017-2018,No Score Yet,No Score Yet,Box office not found,Executive Producer,TV Show,Sylvester Stallone
Ultimate Beastmaster: South Korea,2017-2018,No Score Yet,No Score Yet,Box office not found,Executive Producer,TV Show,Sylvester Stallone
Ultimate Beastmaster: Italy,2017-2018,No Score Yet,No Score Yet,Box office not found,Executive Producer,TV Show,Sylvester Stallone
Ultimate Beastmaster: U.S.,2017-2018,No Score Yet,No Score Yet,Box office not found,Executive Producer,TV Show,Sylvester Stallone
Ultimate Beastmaster: Brazil,2017-2018,No Score Yet,No Score Yet,Box office not found,Executive Producer,TV Show,Sylvester Stallone
Ultimate Beastmaster: China,2017-2017,No Score Yet,No Score Yet,Box office not found,Executive Producer,TV Show,Sylvester Stallone
Ultimate Beastmaster: India,2017-2017,No Score Yet,No Score Yet,Box office not found,Executive Producer,TV Show,Sylvester Stallone
Ultimate Beastmaster: Spain,2017-2017,No Score Yet,No Score Yet,Box office not found,Executive Producer,TV Show,Sylvester Stallone
This Is Us,2017-2017,94,81,Box office not found,Himself (Guest Star),TV Show,Sylvester Stallone
Ultimate Beastmaster: Japan,2017-2017,No Score Yet,No Score Yet,Box office not found,Executive Producer,TV Show,Sylvester Stallone
Strong,2016-2016,No Score Yet,100,Box office not found,Executive Producer,TV Show,Sylvester Stallone
The Ellen DeGeneres Show,2015-2016,No Score Yet,No Score Yet,Box office not found,Guest,TV Show,Sylvester Stallone
20/20,2016-2016,No Score Yet,No Score Yet,Box office not found,Guest,TV Show,Sylvester Stallone
The Late Show With Stephen Colbert,2015-2015,No Score Yet,50,Box office not found,Guest,TV Show,Sylvester Stallone
Late Show With David Letterman,2013-2014,100,78,Box office not found,Guest,TV Show,Sylvester Stallone
106 & Park,2014-2014,No Score Yet,No Score Yet,Box office not found,Unknown (Character),TV Show,Sylvester Stallone
The Graham Norton Show,2014-2014,No Score Yet,No Score Yet,Box office not found,Guest,TV Show,Sylvester Stallone
The View,2013-2013,No Score Yet,12,Box office not found,Guest,TV Show,Sylvester Stallone
The Tonight Show With Jay Leno,2013-2013,No Score Yet,No Score Yet,Box office not found,Guest,TV Show,Sylvester Stallone
Saturday Night Live,"1997,2013-1997,2013",No Score Yet,57,Box office not found,"Unknown (Guest Star),Host",TV Show,Sylvester Stallone
Jimmy Kimmel Live!,2010-2010,No Score Yet,42,Box office not found,Guest,TV Show,Sylvester Stallone
Piers Morgan On...,2010-2010,No Score Yet,No Score Yet,Box office not found,Unknown (Guest Star),TV Show,Sylvester Stallone
Las Vegas,2005-2005,No Score Yet,No Score Yet,Box office not found,Unknown (Guest Star),TV Show,Sylvester Stallone
The Daily Show,2000-2000,No Score Yet,No Score Yet,Box office not found,Guest,TV Show,Sylvester Stallone
Inside the Actors Studio,2000-2000,No Score Yet,No Score Yet,Box office not found,Guest,TV Show,Sylvester Stallone
Kojak,1975-1975,No Score Yet,No Score Yet,Box office not found,Det. Rick Daly (Guest Star),TV Show,Sylvester Stallone
Police Story,1975-1975,No Score Yet,No Score Yet,Box office not found,"Elmore ""Rocky"" Caddo (Character)",TV Show,Sylvester Stallone
Ghosts Can't Do It,1990,No Score Yet,12,,"Director,Screenwriter,Cinematographer,Film Editing",Movie,John Derek
Bolero,1984,0%,18,,"Director,Screenwriter,Cinematographer",Movie,John Derek
Fantasies,1981,No Score Yet,17,,Director,Movie,John Derek
"Tarzan, the Ape Man",1981,10,19,,Director,Movie,John Derek
Confessions of Tom Harris,1972,No Score Yet,No Score Yet,,"Director,Cinematographer",Movie,John Derek
Once Before I Die,1966,No Score Yet,33,,"Bailey (Character),Director,Producer",Movie,John Derek
Nightmare in the Sun,1965,No Score Yet,No Score Yet,,Hitchhiker (Character),Movie,John Derek
Exodus,1960,65,69,,Taha (Character),Movie,John Derek
Prisoner of the Volga,1959,No Score Yet,No Score Yet,,Alexej Orloff (Character),Movie,John Derek
Pirate of the Half Moon,1958,No Score Yet,No Score Yet,,Nadir El Krim/Paul de Vellenera (Character),Movie,John Derek
High Hell,1958,No Score Yet,No Score Yet,,Craig Rhodes (Character),Movie,John Derek
The Flesh Is Weak,1957,No Score Yet,No Score Yet,,Tony Giani (Character),Movie,John Derek
Omar Khayyam,1957,No Score Yet,33,,Young Prince Malik (Character),Movie,John Derek
Fury at Showdown,1957,No Score Yet,67,,Brock Mitchell (Character),Movie,John Derek
The Ten Commandments,1956,86,87,,Joshua (Character),Movie,John Derek
Massacre at Sand Creek,1956,No Score Yet,No Score Yet,,Lt. Norman Tucker (Character),Movie,John Derek
The Leather Saint,1956,No Score Yet,No Score Yet,,Father Gil Allen (Character),Movie,John Derek
Prince of Players,1955,No Score Yet,57,,John Wilkes Booth (Character),Movie,John Derek
Run for Cover,1955,No Score Yet,70,,Davey Bishop (Character),Movie,John Derek
An Annapolis Story,1955,No Score Yet,No Score Yet,,Tony (Character),Movie,John Derek
The Outcast,1954,No Score Yet,No Score Yet,,Jet Cosgrave (Character),Movie,John Derek
The Adventures of Hajji Baba,1954,No Score Yet,17,,Hajji Baba (Character),Movie,John Derek
The Last Posse,1953,No Score Yet,60,,Jed Clayton (Character),Movie,John Derek
Ambush at Tomahawk Gap,1953,No Score Yet,14,,Kid (Character),Movie,John Derek
Mission Over Korea,1953,No Score Yet,No Score Yet,,Lt. Pete Barker (Character),Movie,John Derek
Sea of Lost Ships,1953,No Score Yet,No Score Yet,,G.R. 'Grad' Matthews (Character),Movie,John Derek
Prince of Pirates,1953,No Score Yet,No Score Yet,,Prince Roland (Character),Movie,John Derek
Scandal Sheet,1952,100,88,,Steve McCleary (Character),Movie,John Derek
Thunderbirds,1952,No Score Yet,No Score Yet,,Lt. Gil Hackett (Character),Movie,John Derek
Mask of the Avenger,1951,No Score Yet,No Score Yet,,Captain Renato Dimorna (Character),Movie,John Derek
The Family Secret,1951,No Score Yet,No Score Yet,,David Clark (Character),Movie,John Derek
Saturday's Hero,1951,No Score Yet,No Score Yet,,Steve Novak (Character),Movie,John Derek
Rogues of Sherwood Forest,1950,No Score Yet,17,,"Robin, Earl of Huntington (Character)",Movie,John Derek
Knock on Any Door,1949,69,58,,Nick Romano (Character),Movie,John Derek
All the King's Men,1949,97,78,,Tom Stark (Character),Movie,John Derek
I'll Be Seeing You,1944,No Score Yet,71,,Lt. Bruce (Character),Movie,John Derek
Zane Grey Theatre,"1957,1961-1957,1961",No Score Yet,No Score Yet,Box office not found,Unknown (Character),TV Show,John Derek
Showcase 39,1956-1956,No Score Yet,No Score Yet,Box office not found,Unknown (Character),TV Show,John Derek
Star Struck,1994,No Score Yet,No Score Yet,,Director,Movie,Jim Drake
Based on an Untrue Story,1993,No Score Yet,67,,Director,Movie,Jim Drake
Dad's a Dog,1989,No Score Yet,No Score Yet,,Director,Movie,Jim Drake
Speed Zone!,1989,0%,37,2359215,Director,Movie,Jim Drake
Goddess of Love,1988,No Score Yet,20,,Director,Movie,Jim Drake
Police Academy 4: Citizens on Patrol,1987,0%,38,28061343,Director,Movie,Jim Drake
This Wife for Hire,1985,No Score Yet,No Score Yet,,Director,Movie,Jim Drake
The Awakening of Cassie,1982,No Score Yet,No Score Yet,,Director,Movie,Jim Drake
A Legacy for Leonette,1982,No Score Yet,No Score Yet,,Director,Movie,Jim Drake
Malcolm & Eddie,1998-1998,No Score Yet,No Score Yet,Box office not found,Director,TV Show,Jim Drake
The Jamie Foxx Show,1997-1997,No Score Yet,No Score Yet,Box office not found,Director,TV Show,Jim Drake
Dave's World,1995-1997,No Score Yet,No Score Yet,Box office not found,Director,TV Show,Jim Drake
Coach,1990-1990,No Score Yet,No Score Yet,Box office not found,Director,TV Show,Jim Drake
Hogan Family,1986-1986,No Score Yet,No Score Yet,Box office not found,Director,TV Show,Jim Drake
The Golden Girls,1985-1985,No Score Yet,94,Box office not found,Director,TV Show,Jim Drake
Newhart,1984-1984,No Score Yet,No Score Yet,Box office not found,Director,TV Show,Jim Drake
Gimme a Break,1982-1983,No Score Yet,No Score Yet,Box office not found,Director,TV Show,Jim Drake
The Facts of Life,1979-1979,No Score Yet,No Score Yet,Box office not found,Director,TV Show,Jim Drake
Alice,1976-1976,No Score Yet,No Score Yet,Box office not found,Director,TV Show,Jim Drake
"Love, Weddings & Other Disasters",2020,3,24,,"Eddie Stone (Character),Director,Screenwriter,Producer,Original Music",Movie,Dennis Dugan
Grown Ups 2,2013,8,53,133668525,Director,Movie,Dennis Dugan
That's My Boy,2012,21,51,36931089,Executive Producer,Movie,Dennis Dugan
Jack and Jill,2011,3,36,74158157,Director,Movie,Dennis Dugan
Just Go With It,2011,19,59,103028109,Director,Movie,Dennis Dugan
Grown Ups,2010,10,62,162001186,Director,Movie,Dennis Dugan
You Don't Mess With the Zohan,2008,38,45,100018837,Director,Movie,Dennis Dugan
I Now Pronounce You Chuck and Larry,2007,15,69,119684970,Director,Movie,Dennis Dugan
The Benchwarmers,2006,13,64,57651794,Director,Movie,Dennis Dugan
Karroll's Christmas,2004,No Score Yet,52,,Director,Movie,Dennis Dugan
National Security,2003,11,45,35764982,Director,Movie,Dennis Dugan
Saving Silverman,2001,18,51,19351569,Director,Movie,Dennis Dugan
Big Daddy,1999,39,74,163479795,Director,Movie,Dennis Dugan
Beverly Hills Ninja,1997,13,53,31235710,Director,Movie,Dennis Dugan
Happy Gilmore,1996,62,85,38824099,"Doug Thompson (Character),Director",Movie,Dennis Dugan
Columbo: Butterfly in Shades of Grey,1994,No Score Yet,52,,Director,Movie,Dennis Dugan
The Shaggy Dog,1994,No Score Yet,No Score Yet,,Director,Movie,Dennis Dugan
Brain Donors,1992,50,85,504057,Director,Movie,Dennis Dugan
Problem Child,1990,0%,42,53470891,Director,Movie,Dennis Dugan
Parenthood,1989,92,76,99573575,David Brodsky (Character),Movie,Dennis Dugan
The New Adventures of Pippi Longstocking,1988,17,68,2314019,Mr. Settigren (Character),Movie,Dennis Dugan
The Suitors,1988,No Score Yet,No Score Yet,,Policeman (Character),Movie,Dennis Dugan
Can't Buy Me Love,1987,50,74,31563859,David Miller (Character),Movie,Dennis Dugan
Water,1985,0%,70,,Rob Waring (Character),Movie,Dennis Dugan
Shadow Chasers,1985,No Score Yet,No Score Yet,,"Edgar ""Benny"" Benedek (Character)",Movie,Dennis Dugan
The Toughest Man in the World,1984,No Score Yet,33,,Dick (Character),Movie,Dennis Dugan
The Howling,1981,74,60,,Chris (Character),Movie,Dennis Dugan
A Spaceman in King Arthur's Court,1979,No Score Yet,31,,Tom Trimble (Character),Movie,Dennis Dugan
The Last of the Good Guys,1978,No Score Yet,No Score Yet,,Officer Johnny Lucas (Character),Movie,Dennis Dugan
The Broken Badge,1978,No Score Yet,No Score Yet,,Officer Brett Loebner (Character),Movie,Dennis Dugan
Diary of Richie Brockelman,1978,No Score Yet,No Score Yet,,Richie Brockleman (Character),Movie,Dennis Dugan
Harry and Walter Go to New York,1976,50,32,,Lewis (Character),Movie,Dennis Dugan
Norman... Is That You?,1976,40,70,,Garson Hobart (Character),Movie,Dennis Dugan
Richie Brockelman: The Missing 24 Hours,1976,No Score Yet,No Score Yet,,"Richard ""Richie"" Brockelman (Character)",Movie,Dennis Dugan
The Day of the Locust,1975,63,75,,Apprentice (Character),Movie,Dennis Dugan
Night Moves,1975,83,71,,Boy (Character),Movie,Dennis Dugan
Smile,1975,100,70,,Logan (Character),Movie,Dennis Dugan
Death Race,1973,No Score Yet,No Score Yet,,Pvt. Becker (Character),Movie,Dennis Dugan
The Mullets,2004-2004,27,No Score Yet,Box office not found,Director,TV Show,Dennis Dugan
NYPD Blue,"1993-1994,1997,2003",83,95,Box office not found,Director,TV Show,Dennis Dugan
Shasta,1999-2000,No Score Yet,No Score Yet,Box office not found,Director,TV Show,Dennis Dugan
Love Boat: The Next Wave,1998-1998,14,No Score Yet,Box office not found,Director,TV Show,Dennis Dugan
Burke's Law,1994-1994,43,No Score Yet,Box office not found,Director,TV Show,Dennis Dugan
Columbo,"1976,1994-1976,1994",No Score Yet,81,Box office not found,"Sergeant Theodore `Mac' Albinsky (Guest Star),Director",TV Show,Dennis Dugan
Hunter,1987-1987,No Score Yet,No Score Yet,Box office not found,Director,TV Show,Dennis Dugan
Empire,1984-1984,No Score Yet,No Score Yet,Box office not found,Ben Christian (Character),TV Show,Dennis Dugan
M*A*S*H,"1975,1983-1975,1983",No Score Yet,87,Box office not found,Pvt. Danny McShane (Guest Star),TV Show,Dennis Dugan
Hill Street Blues,1982-1982,97,85,Box office not found,Captain Freedom (Guest Star),TV Show,Dennis Dugan
It's a Living,1981-1981,No Score Yet,No Score Yet,Box office not found,Lloyd Hoffmeyer (Guest Star),TV Show,Dennis Dugan
Police Story,1978-1978,No Score Yet,No Score Yet,Box office not found,Officer Brett Loebner (Character),TV Show,Dennis Dugan
Alice,1976-1976,No Score Yet,No Score Yet,Box office not found,Unknown (Guest Star),TV Show,Dennis Dugan
Good Heavens,1976-1976,No Score Yet,No Score Yet,Box office not found,Unknown (Guest Star),TV Show,Dennis Dugan
Cannon,1974-1974,No Score Yet,No Score Yet,Box office not found,George Peters (Guest Star),TV Show,Dennis Dugan
The Waltons,1973-1973,No Score Yet,No Score Yet,Box office not found,Stuart Lee Claybourne (Guest Star),TV Show,Dennis Dugan
Mod Squad,1973-1973,No Score Yet,No Score Yet,Box office not found,Chris Norton (Guest Star),TV Show,Dennis Dugan
The Sixth Sense,1972-1972,No Score Yet,No Score Yet,Box office not found,Unknown (Guest Star),TV Show,Dennis Dugan
Teen Wolf: The Movie,2023,32,65,,Director,Movie,Russell Mulcahy
The Adventures of Errol Flynn,2018,50,80,,Director,Movie,Russell Mulcahy
Bait,2012,46,28,,"Screenwriter,Executive Producer",Movie,Russell Mulcahy
Give 'Em Hell Malone,2009,No Score Yet,35,,Director,Movie,Russell Mulcahy
Prayers for Bobby,2009,73,86,,Director,Movie,Russell Mulcahy
The Scorpion King 2: Rise of a Warrior,2008,No Score Yet,18,,Director,Movie,Russell Mulcahy
While the Children Sleep,2007,No Score Yet,23,,Director,Movie,Russell Mulcahy
Crash and Burn,2007,No Score Yet,26,,Director,Movie,Russell Mulcahy
Resident Evil: Extinction,2007,24,58,50648679,Director,Movie,Russell Mulcahy
The Curse of King Tut's Tomb,2006,No Score Yet,No Score Yet,,Director,Movie,Russell Mulcahy
3,2004,No Score Yet,84,,Director,Movie,Russell Mulcahy
Swimming Upstream,2003,61,80,47171,Director,Movie,Russell Mulcahy
1st to Die,2003,No Score Yet,45,,Director,Movie,Russell Mulcahy
The Lost Battalion,2001,No Score Yet,79,,Director,Movie,Russell Mulcahy
On the Beach,2000,No Score Yet,66,,Director,Movie,Russell Mulcahy
Resurrection,1999,17,55,,Director,Movie,Russell Mulcahy
Tale of the Mummy,1998,17,18,,"Director,Writer",Movie,Russell Mulcahy
Silent Trigger,1996,20,31,,Director,Movie,Russell Mulcahy
The Shadow,1994,37,44,31951990,Director,Movie,Russell Mulcahy
The Real McCoy,1993,24,43,6305945,Director,Movie,Russell Mulcahy
Blue Ice,1992,No Score Yet,32,,Director,Movie,Russell Mulcahy
Highlander II: The Quickening,1991,0%,23,13734970,Director,Movie,Russell Mulcahy
Ricochet,1991,74,52,20596333,Director,Movie,Russell Mulcahy
Highlander,1986,69,79,5735847,Director,Movie,Russell Mulcahy
Razorback,1984,58,47,,Director,Movie,Russell Mulcahy
Teen Wolf,2017-2017,81,85,Box office not found,Executive Producer,TV Show,Russell Mulcahy
The Lizzie Borden Chronicles,2015-2015,50,67,Box office not found,Director,TV Show,Russell Mulcahy
The Hunger,1997-1997,No Score Yet,No Score Yet,Box office not found,Director,TV Show,Russell Mulcahy
Perversions of Science,1997-1997,No Score Yet,No Score Yet,Box office not found,Director,TV Show,Russell Mulcahy
Tales From the Crypt,"1991,1993-1994,1996",82,90,Box office not found,Director,TV Show,Russell Mulcahy
Blood Crime,2002,No Score Yet,23,,Director,Movie,William Graham
Acceptable Risk,2001,No Score Yet,18,,Director,Movie,William Graham
Sleeping With the Devil,1997,No Score Yet,62,,Director,Movie,William Graham
The Man Who Captured Eichmann,1996,No Score Yet,58,,Director,Movie,William Graham
Beauty's Revenge,1995,No Score Yet,20,,Director,Movie,William Graham
Betrayed: A Story of Three Women,1995,No Score Yet,No Score Yet,,Director,Movie,William Graham
A Friend to Die For,1994,No Score Yet,52,,Director,Movie,William Graham
Elvis and the Colonel: The Untold Story,1993,No Score Yet,No Score Yet,,Director,Movie,William Graham
Beyond Suspicion,1993,No Score Yet,No Score Yet,,Director,Movie,William Graham
Bed of Lies,1992,No Score Yet,No Score Yet,,Director,Movie,William Graham
Return to the Blue Lagoon,1991,0%,41,2330621,"Director,Producer",Movie,William Graham
Montana,1990,No Score Yet,No Score Yet,,Director,Movie,William Graham
True Blue,1989,No Score Yet,No Score Yet,,Director,Movie,William Graham
Billy the Kid,1989,No Score Yet,50,,Director,Movie,William Graham
Street of Dreams,1988,No Score Yet,No Score Yet,,Director,Movie,William Graham
Deadly Enemies,1988,No Score Yet,No Score Yet,,Director,Movie,William Graham
Proud Men,1987,No Score Yet,No Score Yet,,Director,Movie,William Graham
Police Story: The Freeway Killings,1987,No Score Yet,No Score Yet,,Director,Movie,William Graham
The Last Days of Frank and Jesse James,1986,No Score Yet,66,,Director,Movie,William Graham
George Washington: The Forging of a Nation,1986,No Score Yet,80,,Director,Movie,William Graham
The Calendar Girl Murders,1984,No Score Yet,24,,Director,Movie,William Graham
Secrets of a Married Man,1984,No Score Yet,40,,Director,Movie,William Graham
Women of San Quentin,1983,No Score Yet,No Score Yet,,Director,Movie,William Graham
The Last Ninja,1983,No Score Yet,57,,Director,Movie,William Graham
M.A.D.D.: The Candy Lightner Story,1983,No Score Yet,No Score Yet,,Director,Movie,William Graham
Harry Tracy,1982,No Score Yet,27,,Director,Movie,William Graham
American Eagle,1982,No Score Yet,No Score Yet,,Director,Movie,William Graham
Deadly Encounter,1982,No Score Yet,No Score Yet,,Director,Movie,William Graham
Rage,1980,No Score Yet,No Score Yet,,Director,Movie,William Graham
Transplant,1979,No Score Yet,No Score Yet,,Director,Movie,William Graham
Orphan Train,1979,No Score Yet,No Score Yet,,Director,Movie,William Graham
Cindy,1978,No Score Yet,No Score Yet,,Director,Movie,William Graham
One in a Million: The Ron LeFlore Story,1978,No Score Yet,No Score Yet,,Director,Movie,William Graham
And I Alone Survived,1978,No Score Yet,67,,Director,Movie,William Graham
Contract on Cherry Street,1977,No Score Yet,No Score Yet,,Director,Movie,William Graham
Minstrel Man,1977,No Score Yet,No Score Yet,,Director,Movie,William Graham
The Amazing Howard Hughes,1977,No Score Yet,58,,Director,Movie,William Graham
21 Hours at Munich,1976,No Score Yet,56,,Director,Movie,William Graham
Shark Kill,1976,No Score Yet,No Score Yet,,Director,Movie,William Graham
"Part 2, Sounder",1976,No Score Yet,No Score Yet,,Director,Movie,William Graham
Perilous Voyage,1976,No Score Yet,No Score Yet,,Director,Movie,William Graham
Sounder Part II,1976,No Score Yet,No Score Yet,,Director,Movie,William Graham
Beyond the Bermuda Triangle,1975,No Score Yet,No Score Yet,,Director,Movie,William Graham
Get Christie Love!,1974,No Score Yet,36,,Director,Movie,William Graham
Where the Lilies Bloom,1974,No Score Yet,84,,Director,Movie,William Graham
Trapped Beneath the Sea,1974,No Score Yet,No Score Yet,,Director,Movie,William Graham
Larry,1974,No Score Yet,No Score Yet,,Director,Movie,William Graham
Together Brothers,1973,No Score Yet,64,,Director,Movie,William Graham
Birds of Prey,1973,No Score Yet,47,,Director,Movie,William Graham
The Police Story,1973,No Score Yet,No Score Yet,,Director,Movie,William Graham
Shirts/Skins,1973,No Score Yet,No Score Yet,,Director,Movie,William Graham
Mr. Inside/Mr. Outside,1973,No Score Yet,No Score Yet,,Director,Movie,William Graham
Honky,1972,No Score Yet,No Score Yet,,Director,Movie,William Graham
"Cry for Me, Billy",1972,No Score Yet,No Score Yet,,Director,Movie,William Graham
Jigsaw,1972,No Score Yet,No Score Yet,,Director,Movie,William Graham
Man on the Move,1972,No Score Yet,No Score Yet,,Director,Movie,William Graham
"Congratulations, It's a Boy!",1971,No Score Yet,No Score Yet,,Director,Movie,William Graham
Marriage: Year One,1971,No Score Yet,No Score Yet,,Director,Movie,William Graham
Magic Carpet,1971,No Score Yet,No Score Yet,,Director,Movie,William Graham
Thief,1971,No Score Yet,No Score Yet,,Director,Movie,William Graham
The Intruders,1970,No Score Yet,No Score Yet,,Director,Movie,William Graham
Change of Habit,1969,10,64,,Director,Movie,William Graham
Trial Run,1969,No Score Yet,No Score Yet,,Director,Movie,William Graham
Then Came Bronson,1968,No Score Yet,No Score Yet,,Director,Movie,William Graham
Submarine X-1,1968,No Score Yet,17,,Director,Movie,William Graham
Legend of Custer,1968,No Score Yet,No Score Yet,,Director,Movie,William Graham
Waterhole No. 3,1967,No Score Yet,56,,Director,Movie,William Graham
The Doomsday Flight,1966,No Score Yet,36,,Director,Movie,William Graham
William Comes to Town,1948,No Score Yet,No Score Yet,,William Brown (Character),Movie,William Graham
The Fugitive,2001-2001,No Score Yet,No Score Yet,Box office not found,Director,TV Show,William Graham
7 Days,2000-2000,No Score Yet,No Score Yet,Box office not found,Director,TV Show,William Graham
The X-Files,"1993-1994,1998",74,85,Box office not found,Director,TV Show,William Graham
Otherworld,1985-1985,No Score Yet,No Score Yet,Box office not found,Director,TV Show,William Graham
Police Story,1973-1973,No Score Yet,No Score Yet,Box office not found,Director,TV Show,William Graham
Ironside,1967-1967,No Score Yet,No Score Yet,Box office not found,Director,TV Show,William Graham
Batman,1966-1966,72,79,Box office not found,Director,TV Show,William Graham
The Fugitive,1963-1965,No Score Yet,No Score Yet,Box office not found,Director,TV Show,William Graham
The Big Valley,1965-1965,No Score Yet,No Score Yet,Box office not found,Director,TV Show,William Graham
12 O'Clock High,1965-1965,No Score Yet,No Score Yet,Box office not found,Director,TV Show,William Graham
Dr. Kildare,1962-1963,No Score Yet,No Score Yet,Box office not found,Director,TV Show,William Graham
The Virginian,1963-1963,No Score Yet,No Score Yet,Box office not found,Director,TV Show,William Graham
Route 66,1961-1962,No Score Yet,No Score Yet,Box office not found,Director,TV Show,William Graham
Erase and Forget,2017,70,No Score Yet,,Self,Movie,Ted Kotcheff
Hard,2014,No Score Yet,No Score Yet,,Therapist (Character),Movie,Ted Kotcheff
Fearless,2014,No Score Yet,No Score Yet,,Director,Movie,Ted Kotcheff
Shattered Glass,2003,92,79,2207975,Marty Peretz (Character),Movie,Ted Kotcheff
Crime in Connecticut: The Story of Alex Kelly,1999,No Score Yet,No Score Yet,,Director,Movie,Ted Kotcheff
Borrowed Hearts: A Holiday Romance,1997,No Score Yet,77,,Director,Movie,Ted Kotcheff
A Strange Affair,1996,No Score Yet,33,,Director,Movie,Ted Kotcheff
Family of Cops,1995,No Score Yet,19,,Director,Movie,Ted Kotcheff
Hidden Assassin,1995,No Score Yet,24,,Director,Movie,Ted Kotcheff
Love on the Run,1994,No Score Yet,No Score Yet,,Director,Movie,Ted Kotcheff
Red Shoe Diaries 5: Weekend Pass,1993,No Score Yet,No Score Yet,,Director,Movie,Ted Kotcheff
Red Shoe Diaries 3: Another Woman's Lipstick,1993,No Score Yet,No Score Yet,,Director,Movie,Ted Kotcheff
Folks!,1992,0%,53,5870761,Director,Movie,Ted Kotcheff
Weekend at Bernie's,1989,54,57,29433521,"Jack Parker (Character),Director",Movie,Ted Kotcheff
Winter People,1989,20,52,1314926,Director,Movie,Ted Kotcheff
Switching Channels,1988,60,32,8173623,Director,Movie,Ted Kotcheff
Joshua Then and Now,1985,No Score Yet,58,542420,Director,Movie,Ted Kotcheff
Uncommon Valor,1983,60,62,,"Director,Executive Producer",Movie,Ted Kotcheff
Split Image,1982,No Score Yet,73,,"Director,Producer",Movie,Ted Kotcheff
First Blood,1982,86,86,,Director,Movie,Ted Kotcheff
North Dallas Forty,1979,86,71,,Director,Movie,Ted Kotcheff
Who Is Killing the Great Chefs of Europe?,1978,77,70,,Director,Movie,Ted Kotcheff
Fun With Dick and Jane,1977,57,51,,Director,Movie,Ted Kotcheff
The Apprenticeship of Duddy Kravitz,1974,93,73,,Director,Movie,Ted Kotcheff
Billy Two Hats,1973,No Score Yet,44,,Director,Movie,Ted Kotcheff
Wake in Fright,1971,96,83,15518,Director,Movie,Ted Kotcheff
Two Gentlemen Sharing,1969,80,No Score Yet,,Director,Movie,Ted Kotcheff
Of Mice and Men,1968,No Score Yet,No Score Yet,,Director,Movie,Ted Kotcheff
The Human Voice,1967,No Score Yet,67,,Director,Movie,Ted Kotcheff
Life at the Top,1965,20,80,,Director,Movie,Ted Kotcheff
Tiara Tahiti,1962,No Score Yet,No Score Yet,,Director,Movie,Ted Kotcheff
Law & Order: Special Victims Unit,2000-2019,78,83,Box office not found,"Executive Producer,Director",TV Show,Ted Kotcheff
2E: Twice Exceptional,2015,No Score Yet,No Score Yet,,"Director,Producer",Movie,Tom Ropelewski
The Next Best Thing,2000,19,35,14983572,Writer,Movie,Tom Ropelewski
Look Who's Talking Now,1993,0%,29,9412409,"Director,Screenwriter",Movie,Tom Ropelewski
Madhouse,1990,0%,44,20345541,Director,Movie,Tom Ropelewski
Loverboy,1989,50,56,3887852,"Screenwriter,Executive Producer",Movie,Tom Ropelewski
7 Days,"1998-1999,2001",No Score Yet,No Score Yet,Box office not found,Writer,TV Show,Tom Ropelewski
Simon & Simon,"1986,1988-1986,1988",No Score Yet,No Score Yet,Box office not found,Writer,TV Show,Tom Ropelewski
Odds Are,2018,No Score Yet,57,,"Director,Screenwriter,Producer",Movie,Peter Markle
Silent Witness,2011,No Score Yet,62,,Director,Movie,Peter Markle
Nora Roberts' Carnal Innocence,2011,No Score Yet,30,,Director,Movie,Peter Markle
Nora Roberts' High Noon,2009,No Score Yet,50,,Director,Movie,Peter Markle
The Tenth Circle,2008,No Score Yet,34,,Director,Movie,Peter Markle
Flight 93,2006,No Score Yet,66,,Director,Movie,Peter Markle
Faith of My Fathers,2005,No Score Yet,66,,"Director,Writer",Movie,Peter Markle
Virginia's Run,2003,No Score Yet,78,,"Director,Screenwriter",Movie,Peter Markle
Saving Jessica Lynch,2003,No Score Yet,No Score Yet,,Director,Movie,Peter Markle
Target Earth,1998,No Score Yet,29,,Director,Movie,Peter Markle
The Last Days of Frankie the Fly,1997,No Score Yet,46,,"Director,Producer",Movie,Peter Markle
Jake Lassiter: Justice on the Bayou,1995,No Score Yet,No Score Yet,,Director,Movie,Peter Markle
White Dwarf,1995,No Score Yet,86,,Director,Movie,Peter Markle
Wagons East!,1994,0%,33,3730712,Director,Movie,Peter Markle
Through the Eyes of a Killer,1992,No Score Yet,83,,Director,Movie,Peter Markle
Dead and Alive,1991,No Score Yet,67,,Director,Movie,Peter Markle
El Diablo,1990,No Score Yet,59,,Director,Movie,Peter Markle
Breaking Point,1989,No Score Yet,No Score Yet,,Director,Movie,Peter Markle
Nightbreaker,1989,No Score Yet,67,,Director,Movie,Peter Markle
Bat 21,1988,82,58,3184348,Director,Movie,Peter Markle
Desperate,1987,No Score Yet,No Score Yet,,Director,Movie,Peter Markle
Youngblood,1986,44,69,14073624,"Director,Screenwriter,Producer",Movie,Peter Markle
Hot Dog ... The Movie,1984,No Score Yet,58,,Director,Movie,Peter Markle
The Personals,1982,No Score Yet,No Score Yet,,"Director,Writer,Producer,Cinematographer",Movie,Peter Markle
Three Rivers,2009-2009,31,No Score Yet,Box office not found,Director,TV Show,Peter Markle
Rescue Me,2009-2009,88,90,Box office not found,Director,TV Show,Peter Markle
Cane,2007-2007,55,No Score Yet,Box office not found,Director,TV Show,Peter Markle
Without a Trace,"2002-2003,2006",No Score Yet,75,Box office not found,Director,TV Show,Peter Markle
Runaway,2006-2006,71,No Score Yet,Box office not found,Director,TV Show,Peter Markle
Everwood,2006-2006,93,No Score Yet,Box office not found,Director,TV Show,Peter Markle
Century City,2004-2004,No Score Yet,No Score Yet,Box office not found,Director,TV Show,Peter Markle
The Mountain,2004-2004,8,No Score Yet,Box office not found,Director,TV Show,Peter Markle
Jack & Bobby,2004-2004,88,No Score Yet,Box office not found,Director,TV Show,Peter Markle
Cold Case,2004-2004,No Score Yet,95,Box office not found,Director,TV Show,Peter Markle
CSI: Miami,2003-2003,No Score Yet,65,Box office not found,Director,TV Show,Peter Markle
The Agency,2002-2003,No Score Yet,No Score Yet,Box office not found,Director,TV Show,Peter Markle
Haunted,2002-2002,54,No Score Yet,Box office not found,Director,TV Show,Peter Markle
NYPD Blue,"2000,2002-2000,2002",83,95,Box office not found,Director,TV Show,Peter Markle
CSI: Crime Scene Investigation,2001-2001,No Score Yet,81,Box office not found,Director,TV Show,Peter Markle
The District,2001-2001,No Score Yet,No Score Yet,Box office not found,Director,TV Show,Peter Markle
The X-Files,"1997,1999-2000",74,85,Box office not found,Director,TV Show,Peter Markle
The Strip,1999-1999,13,No Score Yet,Box office not found,Director,TV Show,Peter Markle
L.A. Doctors,1998-1998,No Score Yet,No Score Yet,Box office not found,Director,TV Show,Peter Markle
Moloney,1997-1997,No Score Yet,No Score Yet,Box office not found,Director,TV Show,Peter Markle
Echelon Conspiracy,2009,0%,31,500154,Screenwriter,Movie,Kevin Alyn Elders
Jane Doe,2001,No Score Yet,56,,"Director,Screenwriter",Movie,Kevin Alyn Elders
Simon Sez,1999,0%,16,292152,Director,Movie,Kevin Alyn Elders
Aces: Iron Eagle III,1992,14,24,2513979,Screenwriter,Movie,Kevin Alyn Elders
Grow House,2017,No Score Yet,73,,"Director,Screenwriter",Movie,DJ Pooh
Friday After Next,2002,26,75,32983713,Writer,Movie,DJ Pooh
The Wash,2001,8,64,10097096,"Slim (Character),Director,Writer,Producer",Movie,DJ Pooh
3 Strikes,2000,0%,67,9821335,"Trick Turner / Taxi Driver (Character),Director,Writer",Movie,DJ Pooh
Next Friday,2000,22,76,57176582,Writer,Movie,DJ Pooh
Friday,1995,76,91,27409510,Writer,Movie,DJ Pooh
Depravity,2024,No Score Yet,No Score Yet,,"Producer,Cinematographer",Movie,Wych Kaosayananda
Latency,2024,29,24,,"Producer,Cinematographer",Movie,Wych Kaosayananda
Sheroes,2023,40,42,,"Producer,Cinematographer",Movie,Wych Kaosayananda
One Night in Bangkok,2020,33,34,,"Director,Screenwriter,Producer,Cinematographer",Movie,Wych Kaosayananda
Paradise Z,2020,No Score Yet,No Score Yet,,"Director,Writer",Movie,Wych Kaosayananda
Invincible,2020,No Score Yet,No Score Yet,,Cinematographer,Movie,Wych Kaosayananda
The Driver,2019,No Score Yet,8,,"Director,Cinematographer",Movie,Wych Kaosayananda
Zero Tolerance,2015,No Score Yet,17,,"Director,Screenwriter,Cinematographer",Movie,Wych Kaosayananda
Tekken: Kazuya's Revenge,2014,No Score Yet,9,,Director,Movie,Wych Kaosayananda
The Mark 2: Redemption,2013,No Score Yet,No Score Yet,,Cinematographer,Movie,Wych Kaosayananda
Once Upon a Time in Vietnam,2013,No Score Yet,24,,Cinematographer,Movie,Wych Kaosayananda
The Lost Medallion: The Adventures of Billy Stone,2013,No Score Yet,53,549632,Producer,Movie,Wych Kaosayananda
Ballistic: Ecks vs. Sever,2002,0%,20,14294842,"Director,Producer",Movie,Wych Kaosayananda
The Doorman,1999,No Score Yet,No Score Yet,,Junior Lopez (Character),Movie,Wych Kaosayananda
The Battle at Lake Changjin: Water Gate Bridge,2022,No Score Yet,60,,"Executive Producer,Producer",Movie,Chen Kaige
The Battle at Lake Changjin,2021,36,100,,"Director,Executive Producer",Movie,Chen Kaige
"My People, My Country",2019,No Score Yet,70,2353314,Director,Movie,Chen Kaige
Legend of the Demon Cat,2018,No Score Yet,No Score Yet,,Director,Movie,Chen Kaige
Legend of the Demon Cat,2017,91,43,,"Director,Screenwriter",Movie,Chen Kaige
Monk Comes Down the Mountain,2015,No Score Yet,39,,Director,Movie,Chen Kaige
Caught in the Web,2012,7,38,1067,Director,Movie,Chen Kaige
Sacrifice,2010,70,49,27899,"Director,Screenwriter",Movie,Chen Kaige
Forever Enthralled,2008,No Score Yet,62,,"Director,Screenwriter",Movie,Chen Kaige
Master of the Crimson Armor,2005,30,44,668171,"Director,Writer,Producer",Movie,Chen Kaige
Together,2002,73,89,1069156,"Prof. Yu Shifeng (Character),Director,Writer,Producer",Movie,Chen Kaige
Killing Me Softly,2002,0%,40,,Director,Movie,Chen Kaige
Ten Minutes Older: The Trumpet,2002,86,77,,Director,Movie,Chen Kaige
The Emperor and the Assassin,1999,81,79,1264231,"Lu Buwei (Character),Director,Writer,Executive Producer",Movie,Chen Kaige
Temptress Moon,1996,62,73,1084532,"Director,Writer",Movie,Chen Kaige
Yang & Yin: Gender in Chinese Cinema,1996,No Score Yet,83,,Unknown (Character),Movie,Chen Kaige
Farewell My Concubine,1993,91,93,332198,Director,Movie,Chen Kaige
Bawang Bie Ji,1993,No Score Yet,No Score Yet,,Director,Movie,Chen Kaige
Life on a String,1991,No Score Yet,71,,Director,Movie,Chen Kaige
Bian Zhou Bian Chang,1991,No Score Yet,No Score Yet,,Director,Movie,Chen Kaige
The Big Parade,1988,No Score Yet,No Score Yet,,Director,Movie,Chen Kaige
King of the Children,1987,No Score Yet,No Score Yet,,Director,Movie,Chen Kaige
Yellow Earth,1984,100,76,,"Director,Screenwriter",Movie,Chen Kaige
Stars at Noon,2022,62,14,36000,Screenwriter,Movie,Andrew Litvack
Merci Docteur Rey,2002,0%,65,19590,"Director,Screenwriter",Movie,Andrew Litvack
Pinocchio,2019,84,40,1830498,Geppetto (Character),Movie,Roberto Benigni
Paolo Conte: It's Wonderful,2019,No Score Yet,No Score Yet,,Self,Movie,Roberto Benigni
Cecchi Gori: Una famiglia italiana,2019,No Score Yet,No Score Yet,,Self,Movie,Roberto Benigni
Marco Ferreri: Dangerous But Necessary,2017,No Score Yet,No Score Yet,,Self,Movie,Roberto Benigni
To Rome With Love,2012,47,40,16654227,Leopoldo (Character),Movie,Roberto Benigni
Silvio Forever,2011,No Score Yet,25,,Himself (archive footage) (Character),Movie,Roberto Benigni
The Tiger and the Snow,2005,20,84,9047,"Attilio de Giovanni (Character),Director,Writer",Movie,Roberto Benigni
Coffee and Cigarettes,2003,63,75,1971135,Roberto (Character),Movie,Roberto Benigni
Caterina in the Big City,2003,90,77,293268,Self,Movie,Roberto Benigni
Pinocchio,2002,0%,33,3681811,"Pinocchio (Character),Director,Screenwriter,Producer",Movie,Roberto Benigni
Asterix & Obelix vs. Caesar,1999,No Score Yet,42,2110060,Lucius Detritus (Tullius Destructivus / Catastrofus) (Character),Movie,Roberto Benigni
Life Is Beautiful,1997,81,96,57598247,"Guido Orefice (Character),Director,Writer",Movie,Roberto Benigni
The Monster,1994,40,83,635645,"Loris (Character),Director,Producer",Movie,Roberto Benigni
Son of the Pink Panther,1993,6,18,2365290,Chief Inspector Jacques Clouseau Jr (Character),Movie,Roberto Benigni
Night on Earth,1992,77,91,2011294,Driver (Character),Movie,Roberto Benigni
Johnny Stecchino,1991,46,85,623537,"Dante/Johnny Stecchino (Character),Director,Writer",Movie,Roberto Benigni
The Voice of the Moon,1990,No Score Yet,61,,Ivo Salvini (Character),Movie,Roberto Benigni
The Little Devil,1988,No Score Yet,82,,"Giuditta (Character),Director,Writer",Movie,Roberto Benigni
Down by Law,1986,88,93,106484,Roberto (Character),Movie,Roberto Benigni
Nothing Left to Do but Cry,1984,No Score Yet,83,,"Saverio (Character),Director,Writer",Movie,Roberto Benigni
Luna,1979,46,69,,Upholsterer (Character),Movie,Roberto Benigni
Seeking Asylum,1979,No Score Yet,63,,"Roberto (Character),Screenwriter",Movie,Roberto Benigni
Clair de Femme,1979,No Score Yet,67,,Le barman du Clapsy's (Character),Movie,Roberto Benigni
Tigers in Lipstick,1979,No Score Yet,No Score Yet,,The principal (Character),Movie,Roberto Benigni
"Berlinguer, I love you",1977,No Score Yet,No Score Yet,,"Unknown (Character),Writer",Movie,Roberto Benigni
Unstoppable,2004,No Score Yet,24,,Producer,Movie,Bob Misiorowski
Derailed,2002,0%,21,,Director,Movie,Bob Misiorowski
Panic,2001,No Score Yet,11,,Director,Movie,Bob Misiorowski
Shark Attack,1999,0%,23,,Director,Movie,Bob Misiorowski
On the Border,1998,No Score Yet,10,,Director,Movie,Bob Misiorowski
Blood of the Innocent,1994,No Score Yet,No Score Yet,,Director,Movie,Bob Misiorowski
Point of Impact,1993,No Score Yet,30,,Director,Movie,Bob Misiorowski
Tombstone,1993,74,93,55873495,Producer,Movie,Bob Misiorowski
Blink of an Eye,1992,No Score Yet,56,,Director,Movie,Bob Misiorowski
Cover-Up,1991,No Score Yet,17,,Executive Producer,Movie,Bob Misiorowski
Gnaw: Food of the Gods II,1989,No Score Yet,32,,Executive Producer,Movie,Bob Misiorowski
Kill Chain,2019,No Score Yet,38,,Producer,Movie,Gary Preisler
A Little Something for Your Birthday,2017,18,44,,Producer,Movie,Gary Preisler
Misconduct,2016,7,22,,Executive Producer,Movie,Gary Preisler
Blunt Force Trauma,2015,No Score Yet,23,,Producer,Movie,Gary Preisler
Elsa & Fred,2014,33,51,,Executive Producer,Movie,Gary Preisler
Gold Diggers,2003,0%,21,403164,"Director,Writer,Producer",Movie,Gary Preisler
Eight Days a Week,1997,20,68,29252,Producer,Movie,Gary Preisler
Black Christmas,2006,13,38,16235293,Executive Producer,Movie,Bob Clark
Karate Dog,2004,No Score Yet,27,,Director,Movie,Bob Clark
SuperBabies: Baby Geniuses 2,2004,0%,24,9109322,Director,Movie,Bob Clark
Now & Forever,2001,18,81,,Director,Movie,Bob Clark
I'll Remember April,2000,No Score Yet,61,,Director,Movie,Bob Clark
Catch a Falling Star,2000,No Score Yet,No Score Yet,,Director,Movie,Bob Clark
The Dukes of Hazzard -- Hazzard in Hollywood,2000,No Score Yet,86,,"Writer,Executive Producer",Movie,Bob Clark
Baby Geniuses,1999,2,25,27141959,"Director,Screenwriter",Movie,Bob Clark
The Ransom of Red Chief,1998,No Score Yet,47,,Director,Movie,Bob Clark
My Neighbor's Daughter,1997,No Score Yet,60,,Town Mayor (Character),Movie,Bob Clark
Stolen Memories: Secrets From the Rose Garden,1996,No Score Yet,No Score Yet,,Director,Movie,Bob Clark
Fudge-A-Mania,1995,No Score Yet,No Score Yet,,Director,Movie,Bob Clark
Derby,1995,No Score Yet,No Score Yet,,Director,Movie,Bob Clark
It Runs in the Family,1994,No Score Yet,44,,"Director,Screenwriter",Movie,Bob Clark
The American Clock,1993,No Score Yet,No Score Yet,,Director,Movie,Bob Clark
Popcorn,1991,38,41,3751629,Producer,Movie,Bob Clark
Loose Cannons,1990,0%,27,4463085,"Director,Screenwriter",Movie,Bob Clark
Amazing Stories: The Movie III,1990,No Score Yet,No Score Yet,,Director,Movie,Bob Clark
From the Hip,1987,30,60,6990807,"Director,Screenwriter",Movie,Bob Clark
Turk 182!,1985,20,55,,Director,Movie,Bob Clark
Rhinestone,1984,19,36,,Director,Movie,Bob Clark
Porky's II: The Next Day,1983,10,40,,"Director,Producer",Movie,Bob Clark
A Christmas Story,1983,89,89,20730000,"Director,Writer,Producer",Movie,Bob Clark
Porky's,1981,33,57,,"Director,Producer",Movie,Bob Clark
Tribute,1980,No Score Yet,52,,Director,Movie,Bob Clark
Murder by Decree,1979,86,64,,Director,Movie,Bob Clark
The Amazing Apes,1977,No Score Yet,No Score Yet,,Director,Movie,Bob Clark
Breaking Point,1976,No Score Yet,42,,"Director,Producer",Movie,Bob Clark
Moonrunners,1975,No Score Yet,57,,Producer,Movie,Bob Clark
Black Christmas,1974,71,76,,"Director,Producer",Movie,Bob Clark
Deathdream,1974,79,65,,"Director,Producer",Movie,Bob Clark
Children Shouldn't Play With Dead Things,1972,50,40,,"Director,Screenwriter,Producer",Movie,Bob Clark
She-Man: A Story of Fixation,1967,No Score Yet,No Score Yet,,"Director,Screenwriter",Movie,Bob Clark
Amazing Stories,1985-1985,No Score Yet,82,Box office not found,Director,TV Show,Bob Clark
The Dukes of Hazzard,1979-1979,No Score Yet,No Score Yet,Box office not found,Writer,TV Show,Bob Clark
Constellation,2005,0%,40,306533,"Director,Writer,Producer",Movie,Jordan Walker-Pearlman
The Visit,2000,72,45,186444,"Producer,Director",Movie,Jordan Walker-Pearlman
Delirium,2018,0%,36,,Screenwriter,Movie,Andy Cheng
Redline,2007,0%,47,6877133,Director,Movie,Andy Cheng
End Game,2006,No Score Yet,22,,"Director,Writer",Movie,Andy Cheng
Don't Look Deeper,2020,No Score Yet,No Score Yet,,Executive Producer,Movie,Jed Weintrob
Scar,2007,0%,12,,Director,Movie,Jed Weintrob
The F Word,2005,No Score Yet,79,,Director,Movie,Jed Weintrob
On-Line,2001,38,30,165974,"Director,Writer",Movie,Jed Weintrob
Yeah My Heart Beats Loud!,1991,No Score Yet,No Score Yet,,Producer,Movie,Jed Weintrob
Don't Look Deeper,2020-2020,No Score Yet,No Score Yet,Box office not found,Executive Producer,TV Show,Jed Weintrob
Gentlemen Lobsters,2016-2016,No Score Yet,No Score Yet,Box office not found,Executive Producer,TV Show,Jed Weintrob
The Snake With a Thousand Cuts,2017,No Score Yet,No Score Yet,,"Director,Screenwriter",Movie,Éric Valette
The Prey,2011,70,54,,Director,Movie,Éric Valette
Super Hybrid,2010,No Score Yet,22,,Director,Movie,Éric Valette
Une affaire d'etat (State Affairs),2009,No Score Yet,65,,Director,Movie,Éric Valette
One Missed Call,2008,0%,29,26876529,Director,Movie,Éric Valette
Maléfique,2002,No Score Yet,66,,Director,Movie,Éric Valette
Finding Kendrick Johnson,2021,100,71,,Producer,Movie,Morgan J. Freeman
Homecoming,2009,0%,33,,Director,Movie,Morgan J. Freeman
Just Like the Son,2006,No Score Yet,46,,"Director,Screenwriter",Movie,Morgan J. Freeman
Born Killers,2005,No Score Yet,53,,Director,Movie,Morgan J. Freeman
American Psycho II: All American Girl,2002,11,18,,Director,Movie,Morgan J. Freeman
Desert Blue,1998,37,47,99147,"Director,Writer",Movie,Morgan J. Freeman
Hurricane,1997,88,78,334041,"Director,Writer,Producer",Movie,Morgan J. Freeman
Teen Mom: Family Reunion,2022-2024,No Score Yet,No Score Yet,Box office not found,Executive Producer,TV Show,Morgan J. Freeman
Teen Mom: The Next Chapter,2022-2023,No Score Yet,No Score Yet,Box office not found,Executive Producer,TV Show,Morgan J. Freeman
Teen Mom: Girls' Night In,2022-2022,No Score Yet,No Score Yet,Box office not found,Executive Producer,TV Show,Morgan J. Freeman
Teen Mom: Young and Pregnant,2018-2022,No Score Yet,No Score Yet,Box office not found,Executive Producer,TV Show,Morgan J. Freeman
Teen Mom,"2009-2012,2015",No Score Yet,No Score Yet,Box office not found,Executive Producer,TV Show,Morgan J. Freeman
Sixteen And Pregnant,"2009-2012,2014,2020",No Score Yet,No Score Yet,Box office not found,Executive Producer,TV Show,Morgan J. Freeman
Teen Mom 2,"2011-2012,2015",No Score Yet,No Score Yet,Box office not found,Executive Producer,TV Show,Morgan J. Freeman
Smile,2015-2015,No Score Yet,No Score Yet,Box office not found,Executive Producer,TV Show,Morgan J. Freeman
Dawson's Creek,2000-2000,No Score Yet,77,Box office not found,Director,TV Show,Morgan J. Freeman
Stolen,2009,0%,39,7306,"Director,Producer",Movie,Anders Anderson
Grave Secrets,2013,No Score Yet,No Score Yet,,"Director,Producer,Original Music",Movie,David Hillenbrand
Transylmania,2009,0%,22,,Director,Movie,David Hillenbrand
National Lampoon's Dorm Daze 2,2006,No Score Yet,29,,Director,Movie,David Hillenbrand
Gamebox 1.0,2004,No Score Yet,25,,"Director,Writer",Movie,David Hillenbrand
National Lampoon's Dorm Daze,2003,0%,26,,"Director,Producer,Original Music",Movie,David Hillenbrand
Demon Island,2002,No Score Yet,19,,"Director,Writer,Producer",Movie,David Hillenbrand
King Cobra,1999,No Score Yet,28,,"Director,Producer,Writer",Movie,David Hillenbrand
White Chocolate,2018,No Score Yet,No Score Yet,,"Tony Sharp (Character),Producer",Movie,Scott Hillenbrand
Grave Secrets,2013,No Score Yet,No Score Yet,,Producer,Movie,Scott Hillenbrand
Transylmania,2009,0%,22,,Director,Movie,Scott Hillenbrand
National Lampoon's Dorm Daze 2,2006,No Score Yet,29,,"Unknown (Character),Director",Movie,Scott Hillenbrand
Gamebox 1.0,2004,No Score Yet,25,,"Director,Writer",Movie,Scott Hillenbrand
National Lampoon's Dorm Daze,2003,0%,26,,"Director,Producer",Movie,Scott Hillenbrand
Demon Island,2002,No Score Yet,19,,"Director,Writer,Producer",Movie,Scott Hillenbrand
King Cobra,1999,No Score Yet,28,,"Unknown (Character),Director,Producer",Movie,Scott Hillenbrand
Dear Comrades!,2020,93,80,,"Director,Screenwriter",Movie,Andrey Konchalovskiy
Sin,2019,94,77,,"Director,Screenwriter",Movie,Andrey Konchalovskiy
Paradise,2016,70,79,14873,"Director,Screenwriter,Producer",Movie,Andrey Konchalovskiy
The Postman's White Nights,2014,89,68,,"Director,Screenwriter,Producer",Movie,Andrey Konchalovskiy
The Go-Go Boys: The Inside Story of Cannon Films,2014,No Score Yet,60,,Unknown (Character),Movie,Andrey Konchalovskiy
The Nutcracker,2010,0%,28,190562,"Director,Screenwriter,Producer",Movie,Andrey Konchalovskiy
The Last Station,2009,70,67,6616974,Executive Producer,Movie,Andrey Konchalovskiy
Moscow Chill,2007,No Score Yet,49,,"Writer,Producer",Movie,Andrey Konchalovskiy
Gloss,2007,No Score Yet,52,,"Director,Writer",Movie,Andrey Konchalovskiy
The Lion in Winter,2003,No Score Yet,No Score Yet,,Director,Movie,Andrey Konchalovskiy
House of Fools,2002,41,82,57722,"Director,Writer,Producer",Movie,Andrey Konchalovskiy
The Odyssey,1997,No Score Yet,60,,Director,Movie,Andrey Konchalovskiy
Kurochka Ryaba,1994,No Score Yet,No Score Yet,,Director,Movie,Andrey Konchalovskiy
Kurochka Ryaba (Assia and the Hen with the Golden Eggs) (Ryaba My Chicken),1994,No Score Yet,No Score Yet,,Director,Movie,Andrey Konchalovskiy
The Inner Circle,1991,50,78,544054,Director,Movie,Andrey Konchalovskiy
Homer & Eddie,1989,0%,38,,Director,Movie,Andrey Konchalovskiy
Tango & Cash,1989,31,52,61772769,Director,Movie,Andrey Konchalovskiy
Shy People,1987,64,79,7435,"Director,Screenwriter",Movie,Andrey Konchalovskiy
Duet for One,1986,80,88,,Director,Movie,Andrey Konchalovskiy
Runaway Train,1985,83,76,7223793,Director,Movie,Andrey Konchalovskiy
Maria's Lovers,1984,43,60,,"Director,Writer,Original Music",Movie,Andrey Konchalovskiy
Siberiade,1979,No Score Yet,92,,"Director,Writer",Movie,Andrey Konchalovskiy
A Slave of Love,1976,No Score Yet,83,,Screenwriter,Movie,Andrey Konchalovskiy
Romans o vlyublyonnykh,1974,No Score Yet,No Score Yet,,Director,Movie,Andrey Konchalovskiy
The Worshipper,1973,No Score Yet,No Score Yet,,Screenwriter,Movie,Andrey Konchalovskiy
Uncle Vanya,1971,No Score Yet,94,,"Director,Screenwriter",Movie,Andrey Konchalovskiy
Asya's Happiness,1967,No Score Yet,77,,Director,Movie,Andrey Konchalovskiy
Andrei Rublev,1966,96,93,101396,Writer,Movie,Andrey Konchalovskiy
The First Teacher,1965,No Score Yet,No Score Yet,,"Director,Writer",Movie,Andrey Konchalovskiy
Steamroller and the Violin,1960,91,83,,Writer,Movie,Andrey Konchalovskiy
Sweetwater,2023,26,95,,"Director,Screenwriter,Original Music",Movie,Martin Guigui
Blood Brothers: Civil War,2021,No Score Yet,No Score Yet,3514,Executive Producer,Movie,Martin Guigui
Paradise Cove,2021,38,38,,Director,Movie,Martin Guigui
Faceless,2021,No Score Yet,No Score Yet,,Executive Producer,Movie,Martin Guigui
The Unhealer,2020,83,83,,Director,Movie,Martin Guigui
Find Your Groove,2020,No Score Yet,No Score Yet,,Producer,Movie,Martin Guigui
Drama Drama,2019,No Score Yet,No Score Yet,,"Director,Screenwriter",Movie,Martin Guigui
Wetware,2018,No Score Yet,50,,Executive Producer,Movie,Martin Guigui
Future World,2018,0%,12,,Executive Producer,Movie,Martin Guigui
9/11,2017,20,41,172000,"Director,Screenwriter",Movie,Martin Guigui
In Dubious Battle,2016,26,39,,Executive Producer,Movie,Martin Guigui
Newman,2015,No Score Yet,No Score Yet,,Producer,Movie,Martin Guigui
The Bronx Bull,2015,No Score Yet,39,,"Director,Screenwriter,Executive Producer",Movie,Martin Guigui
Beneath the Darkness,2011,0%,15,9600,Director,Movie,Martin Guigui
Born to Ride,2011,No Score Yet,21,,Producer,Movie,Martin Guigui
Benny Bliss and the Disciples of Greatness,2009,No Score Yet,No Score Yet,,"Hairy Fingers (Character),Director,Screenwriter,Executive Producer",Movie,Martin Guigui
Oy Vey! My Son Is Gay!,2009,No Score Yet,58,87154,Screenwriter,Movie,Martin Guigui
National Lampoon's Cattle Call,2006,No Score Yet,11,,"Director,Writer",Movie,Martin Guigui
Swing,2003,42,No Score Yet,,Director,Movie,Martin Guigui
Changing Hearts,2002,No Score Yet,64,,Director,Movie,Martin Guigui
My X-Girlfriend's Wedding Reception,1999,No Score Yet,60,,"Max Tune (Character),Director,Screenwriter,Executive Producer",Movie,Martin Guigui
Overhaulin',2005-2006,No Score Yet,No Score Yet,Box office not found,Tow Yard Owner (Character),TV Show,Martin Guigui
Armed Response,2017,0%,15,,Director,Movie,John Stockwell
Kickboxer: Vengeance,2016,41,45,,Director,Movie,John Stockwell
Countdown,2016,No Score Yet,33,,Director,Movie,John Stockwell
Countdown,2016,No Score Yet,No Score Yet,,Director,Movie,John Stockwell
Cat Run 2,2014,No Score Yet,16,,Director,Movie,John Stockwell
Kid Cannabis,2014,71,64,5565,"Director,Screenwriter",Movie,John Stockwell
In the Blood,2014,38,39,,Director,Movie,John Stockwell
Breaking the Girls,2013,11,28,,David Layton (Character),Movie,John Stockwell
SEAL Team Six: The Raid on Osama bin Laden,2012,50,45,,Director,Movie,John Stockwell
Dark Tide,2012,0%,16,,Director,Movie,John Stockwell
Code Name: Geronimo,2012,36,27,,Director,Movie,John Stockwell
Cat Run,2011,20,33,,Director,Movie,John Stockwell
Middle of Nowhere,2008,No Score Yet,49,,"Director,Producer",Movie,John Stockwell
Turistas,2006,19,28,7025803,"Director,Producer",Movie,John Stockwell
Into the Blue,2005,20,57,18472363,Director,Movie,John Stockwell
Blue Crush,2002,62,58,40118420,"Director,Writer",Movie,John Stockwell
Rock Star,2001,53,59,16991902,Writer,Movie,John Stockwell
Crazy/Beautiful,2001,63,69,16929123,Director,Movie,John Stockwell
Cheaters,2000,No Score Yet,60,,"Director,Writer",Movie,John Stockwell
Breast Men,1997,50,33,,"Robert Renaud (Character),Writer",Movie,John Stockwell
The Nurse,1997,No Score Yet,9,,Jack Martin (Character),Movie,John Stockwell
Stag,1997,40,38,,Victor Mallick (Character),Movie,John Stockwell
Legal Deceit,1997,No Score Yet,No Score Yet,,Adam (Character),Movie,John Stockwell
I Shot a Man in Vegas,1995,No Score Yet,No Score Yet,,Grant (Character),Movie,John Stockwell
Hart to Hart: Crimes of the Hart,1994,No Score Yet,No Score Yet,,Peter Rubin (Character),Movie,John Stockwell
Born to Ride,1990,No Score Yet,43,17680,Capt. Jack Hassler (Character),Movie,John Stockwell
Billionaire Boys Club,1987,No Score Yet,74,,Brad Sedgwick (Character),Movie,John Stockwell
Under Cover,1987,No Score Yet,7,,Director,Movie,John Stockwell
Top Gun,1986,58,83,179800601,Cougar (Character),Movie,John Stockwell
Dangerously Close,1986,10,44,2026765,"Randy McDevitt (Character),Screenwriter",Movie,John Stockwell
Radioactive Dreams,1986,No Score Yet,45,210212,Phillip Chandler (Character),Movie,John Stockwell
City Limits,1985,No Score Yet,8,,Lee (Character),Movie,John Stockwell
My Science Project,1985,11,57,,Michael Harlan (Character),Movie,John Stockwell
Quarterback Princess,1983,No Score Yet,60,,Scott Massey (Character),Movie,John Stockwell
Christine,1983,72,64,,Dennis Guilder (Character),Movie,John Stockwell
Eddie and the Cruisers,1983,33,73,,Keith Livingston (Character),Movie,John Stockwell
Losin' It,1982,18,28,,Spider (Character),Movie,John Stockwell
Relativity,1996-1996,81,No Score Yet,Box office not found,Unknown (Guest Star),TV Show,John Stockwell
Friday the 13th: The Series,1988-1988,No Score Yet,70,Box office not found,Unknown (Guest Star),TV Show,John Stockwell
North and South,1985-1985,No Score Yet,75,Box office not found,Billy Hazard (Character),TV Show,John Stockwell
No Time to Spy: A Loud House Movie,2024,No Score Yet,84,,Executive Producer,Movie,Brian Robbins
The Loud House Movie,2021,No Score Yet,63,,Executive Producer,Movie,Brian Robbins
To All the Boys I've Loved Before,2018,96,84,,Producer,Movie,Brian Robbins
Public Disturbance,2017,No Score Yet,25,,Producer,Movie,Brian Robbins
Behind the Curtain: Todrick Hall,2017,No Score Yet,No Score Yet,,Producer,Movie,Brian Robbins
Bigger Fatter Liar,2017,No Score Yet,26,,Executive Producer,Movie,Brian Robbins
Before I Fall,2017,64,57,12230741,Producer,Movie,Brian Robbins
We Love You,2016,No Score Yet,39,,Producer,Movie,Brian Robbins
Shovel Buddies,2016,No Score Yet,38,,Producer,Movie,Brian Robbins
Dance Camp,2016,No Score Yet,62,,Producer,Movie,Brian Robbins
Janoskians: Untold and Untrue,2015,No Score Yet,86,,Executive Producer,Movie,Brian Robbins
Snervous Tyler Oakley,2015,40,58,,Producer,Movie,Brian Robbins
SMOSH: The Movie!,2015,No Score Yet,42,,Producer,Movie,Brian Robbins
Expelled,2014,No Score Yet,53,,Producer,Movie,Brian Robbins
Terry the Tomboy,2014,No Score Yet,86,,Executive Producer,Movie,Brian Robbins
The To Do List,2013,55,46,3447339,Producer,Movie,Brian Robbins
Mindless Behavior: All Around The World,2013,No Score Yet,95,344500,Producer,Movie,Brian Robbins
A Thousand Words,2012,0%,46,18438149,"Director,Producer",Movie,Brian Robbins
Fred: The Movie,2010,0%,41,,Executive Producer,Movie,Brian Robbins
Meet Dave,2008,20,35,11802056,Director,Movie,Brian Robbins
Wild Hogs,2007,14,61,168213584,Producer,Movie,Brian Robbins
Norbit,2007,9,53,95323496,"Director,Executive Producer",Movie,Brian Robbins
The Shaggy Dog,2006,26,39,61123569,Director,Movie,Brian Robbins
Dreamer: Inspired by a True Story,2005,64,78,32654700,Producer,Movie,Brian Robbins
Coach Carter,2005,64,85,67253092,Producer,Movie,Brian Robbins
The Perfect Score,2004,15,44,10387706,"Director,Producer",Movie,Brian Robbins
Radio,2003,35,79,52277485,Producer,Movie,Brian Robbins
Big Fat Liar,2002,45,44,47811275,"Writer,Producer",Movie,Brian Robbins
Hardball,2001,41,70,40219708,"Director,Producer",Movie,Brian Robbins
Summer Catch,2001,8,41,19693891,Producer,Movie,Brian Robbins
Ready to Rumble,2000,23,52,12372410,Director,Movie,Brian Robbins
Two Heads Are Better Than None,2000,No Score Yet,71,,Executive Producer,Movie,Brian Robbins
Varsity Blues,1999,45,76,52894169,"Director,Producer",Movie,Brian Robbins
Good Burger,1997,33,63,23712451,"Director,Producer",Movie,Brian Robbins
Rap Show,1995,No Score Yet,No Score Yet,,Director,Movie,Brian Robbins
The Show,1995,80,85,2297224,"Director,Producer",Movie,Brian Robbins
Hank Aaron: Chasing the Dream,1995,No Score Yet,No Score Yet,,Executive Producer,Movie,Brian Robbins
DaVinci's War,1993,No Score Yet,No Score Yet,,Father Michael (Character),Movie,Brian Robbins
C.H.U.D. II,1989,No Score Yet,23,,Steve Williams (Character),Movie,Brian Robbins
Cellar Dweller,1988,No Score Yet,27,,Phillip Lemley (Character),Movie,Brian Robbins
One Terrific Guy,1986,No Score Yet,No Score Yet,,Todd (Character),Movie,Brian Robbins
The Gladiator,1986,No Score Yet,No Score Yet,,Jeff Benton (Character),Movie,Brian Robbins
Foursome,"2017,2019-2017,2019",No Score Yet,No Score Yet,Box office not found,"Unknown (Character),Executive Producer",TV Show,Brian Robbins
The Royals,2015-2018,No Score Yet,80,Box office not found,Executive Producer,TV Show,Brian Robbins
Project MC2,2016-2017,No Score Yet,No Score Yet,Box office not found,Executive Producer,TV Show,Brian Robbins
Freakish,2016-2017,No Score Yet,65,Box office not found,Executive Producer,TV Show,Brian Robbins
Richie Rich,2015-2015,No Score Yet,45,Box office not found,Assistant Producer,TV Show,Brian Robbins
Supah Ninjas,2011-2013,No Score Yet,No Score Yet,Box office not found,Executive Producer,TV Show,Brian Robbins
Fred: The Show,2012-2012,No Score Yet,88,Box office not found,Executive Producer,TV Show,Brian Robbins
One Tree Hill,2003-2012,No Score Yet,68,Box office not found,Executive Producer,TV Show,Brian Robbins
Blue Mountain State,2010-2011,No Score Yet,86,Box office not found,Executive Producer,TV Show,Brian Robbins
Smallville,2009-2011,78,70,Box office not found,Executive Producer,TV Show,Brian Robbins
What I Like About You,2002-2006,No Score Yet,No Score Yet,Box office not found,Executive Producer,TV Show,Brian Robbins
Crumbs,2006-2006,33,No Score Yet,Box office not found,Executive Producer,TV Show,Brian Robbins
Inconceivable,2005-2005,30,No Score Yet,Box office not found,Executive Producer,TV Show,Brian Robbins
The Days,2004-2004,No Score Yet,No Score Yet,Box office not found,Executive Producer,TV Show,Brian Robbins
I'm With Her,2003-2004,58,No Score Yet,Box office not found,Executive Producer,TV Show,Brian Robbins
Black Sash,2003-2003,No Score Yet,No Score Yet,Box office not found,Executive Producer,TV Show,Brian Robbins
Birds of Prey,2002-2003,52,42,Box office not found,"Executive Producer,Director",TV Show,Brian Robbins
Cousin Skeeter,1999-2001,No Score Yet,No Score Yet,Box office not found,Executive Producer,TV Show,Brian Robbins
Hype,2000-2001,14,No Score Yet,Box office not found,Executive Producer,TV Show,Brian Robbins
Popular,1999-1999,60,100,Box office not found,Director,TV Show,Brian Robbins
Full House,1992-1992,No Score Yet,81,Box office not found,David Janolari (Guest Star),TV Show,Brian Robbins
Head of the Class,1986-1991,No Score Yet,No Score Yet,Box office not found,Eric Mardian (Character),TV Show,Brian Robbins
Mr. Belvedere,1986-1986,No Score Yet,No Score Yet,Box office not found,Unknown (Guest Star),TV Show,Brian Robbins
Growing Pains,1985-1985,No Score Yet,No Score Yet,Box office not found,Unknown (Guest Star),TV Show,Brian Robbins
Newhart,1984-1984,No Score Yet,No Score Yet,Box office not found,Unknown (Guest Star),TV Show,Brian Robbins
Diff'rent Strokes,1984-1984,No Score Yet,No Score Yet,Box office not found,Unknown (Guest Star),TV Show,Brian Robbins
Knight Rider,1983-1983,No Score Yet,80,Box office not found,Randy Merritt (Guest Star),TV Show,Brian Robbins
Three's Company,1983-1983,No Score Yet,95,Box office not found,Unknown (Guest Star),TV Show,Brian Robbins
The Facts of Life,1982-1982,No Score Yet,No Score Yet,Box office not found,Guest,TV Show,Brian Robbins
Archie Bunker's Place,1982-1982,66,No Score Yet,Box office not found,Unknown (Guest Star),TV Show,Brian Robbins
Hollywood Bulldogs: The Rise and Falls of the Great British Stuntman,2021,No Score Yet,No Score Yet,,Self,Movie,Vic Armstrong
A Sunday Horse,2016,No Score Yet,58,,Director,Movie,Vic Armstrong
Left Behind,2014,0%,20,13998282,Director,Movie,Vic Armstrong
Blade: Trinity,2004,24,58,52388844,Second Unit Director,Movie,Vic Armstrong
Die Another Day,2002,55,41,160201106,Second Unit Director,Movie,Vic Armstrong
Adventures of Young Indiana Jones: The Adventures in the Secret Service,1999,No Score Yet,67,,Director,Movie,Vic Armstrong
Army of One,1994,No Score Yet,50,,Director,Movie,Vic Armstrong
House on Straw Hill,1976,No Score Yet,18,,Small Youth (Character),Movie,Vic Armstrong
The Young Indiana Jones Chronicles,1992-1992,78,85,Box office not found,Director,TV Show,Vic Armstrong
Hot Air,2018,17,62,,"Director,Producer",Movie,Frank Coraci
The Ridiculous 6,2015,0%,36,,Director,Movie,Frank Coraci
Blended,2014,15,64,46280507,Director,Movie,Frank Coraci
Here Comes the Boom,2012,41,65,45290318,Director,Movie,Frank Coraci
Zookeeper,2011,14,41,80360866,Director,Movie,Frank Coraci
Click,2006,34,66,137340146,Director,Movie,Frank Coraci
Grandma's Boy,2006,15,85,6087218,Cousin Steven (Character),Movie,Frank Coraci
Around the World in 80 Days,2004,32,34,24004159,Director,Movie,Frank Coraci
Last Man Running,2003,No Score Yet,No Score Yet,,Rick's roommate (Character),Movie,Frank Coraci
The Waterboy,1998,34,71,161491646,Director,Movie,Frank Coraci
The Wedding Singer,1998,72,80,80245725,Director,Movie,Frank Coraci
Murdered Innocence,1996,No Score Yet,No Score Yet,,Director,Movie,Frank Coraci
Chow Masters,2014-2014,No Score Yet,No Score Yet,Box office not found,Host,TV Show,Frank Coraci
Armor,2024,No Score Yet,No Score Yet,,Production Design,Movie,Travis Zariwny
Cash Out,2024,20,32,,Production Design,Movie,Travis Zariwny
Robots,2023,18,39,,Production Design,Movie,Travis Zariwny
Supercell,2022,47,75,,Production Design,Movie,Travis Zariwny
Hot Seat,2022,11,15,,Production Design,Movie,Travis Zariwny
Aftermath,2021,No Score Yet,61,,Production Design,Movie,Travis Zariwny
Con Man,2018,No Score Yet,33,,Production Design,Movie,Travis Zariwny
The Midnight Man,2016,27,33,,"Director,Screenwriter",Movie,Travis Zariwny
Intruder,2016,21,24,,"Director,Screenwriter",Movie,Travis Zariwny
Cabin Fever,2016,0%,12,,Director,Movie,Travis Zariwny
Dancer and the Dame,2015,No Score Yet,53,,Set Decoration,Movie,Travis Zariwny
Digging Up the Marrow,2014,58,43,,Production Design,Movie,Travis Zariwny
Authors Anonymous,2014,8,16,,Production Design,Movie,Travis Zariwny
Unidentified,2013,No Score Yet,6,,Production Design,Movie,Travis Zariwny
Sugar,2013,No Score Yet,70,,Production Design,Movie,Travis Zariwny
Scavengers,2013,No Score Yet,17,,"Director,Screenwriter",Movie,Travis Zariwny
The Kill Hole,2012,25,26,,Production Design,Movie,Travis Zariwny
For the Love of Money,2012,0%,50,,Production Design,Movie,Travis Zariwny
Bad Ass,2012,20,39,,Set Decoration,Movie,Travis Zariwny
The Connecticut Kid,2011,No Score Yet,No Score Yet,,"Travis (Character),Production Design",Movie,Travis Zariwny
Chillerama,2011,33,44,,Production Design,Movie,Travis Zariwny
In NorthWood,2011,No Score Yet,No Score Yet,,Production Design,Movie,Travis Zariwny
"Little Fish, Strange Pond",2009,No Score Yet,56,,Production Design,Movie,Travis Zariwny
Greta,2009,60,56,,Art Director,Movie,Travis Zariwny
Green Street Hooligans 2,2009,No Score Yet,31,,Production Design,Movie,Travis Zariwny
Shadowheart,2009,No Score Yet,30,,Production Design,Movie,Travis Zariwny
Trapped!,2007,No Score Yet,No Score Yet,,Production Design,Movie,Travis Zariwny
Ice Spiders,2007,No Score Yet,18,,Production Design,Movie,Travis Zariwny
Behind the Mask: The Rise of Leslie Vernon,2006,76,75,,Production Design,Movie,Travis Zariwny
The Hazing,2004,No Score Yet,34,,Production Design,Movie,Travis Zariwny
The Mallory Effect,2002,No Score Yet,No Score Yet,,Production Design,Movie,Travis Zariwny
No Place Like Home,2001,No Score Yet,No Score Yet,,Production Design,Movie,Travis Zariwny
Dumb Luck,2001,No Score Yet,No Score Yet,,Production Design,Movie,Travis Zariwny
Quiet Life,2024,91,No Score Yet,,"Director,Screenwriter",Movie,Alexandros Avranas
Dark Crimes,2016,0%,30,,Director,Movie,Alexandros Avranas
Miss Violence,2013,80,72,,"Director,Screenwriter,Producer",Movie,Alexandros Avranas
Shut In,2022,50,93,,Director,Movie,D.J. Caruso
Redeeming Love,2022,11,95,9210225,"Director,Screenwriter",Movie,D.J. Caruso
Are You Afraid of the Dark?,2019,No Score Yet,No Score Yet,,Director,Movie,D.J. Caruso
xXx: Return of Xander Cage,2017,46,37,44850317,Director,Movie,D.J. Caruso
The Disappointments Room,2016,0%,17,2411580,"Director,Screenwriter",Movie,D.J. Caruso
Standing Up,2013,56,64,,"Director,Screenwriter",Movie,D.J. Caruso
I Am Number Four,2011,32,57,55092830,Director,Movie,D.J. Caruso
Y: The Last Man,2011,No Score Yet,No Score Yet,,Director,Movie,D.J. Caruso
Eagle Eye,2008,27,62,101111837,Director,Movie,D.J. Caruso
Disturbia,2007,69,77,80050171,Director,Movie,D.J. Caruso
Two for the Money,2005,22,48,22862049,Director,Movie,D.J. Caruso
Taking Lives,2004,22,54,32682342,Director,Movie,D.J. Caruso
Crazy as Hell,2002,53,56,20710,Producer,Movie,D.J. Caruso
The Salton Sea,2002,63,82,676698,Director,Movie,D.J. Caruso
Mind Prey,1999,No Score Yet,No Score Yet,,"Director,Producer",Movie,D.J. Caruso
Mockery for Justice,1999,No Score Yet,No Score Yet,,Director,Movie,D.J. Caruso
Black Cat Run,1998,No Score Yet,44,,Director,Movie,D.J. Caruso
Rebound -- The Legend of Earl The Goat Manigault,1996,No Score Yet,94,,Executive Producer,Movie,D.J. Caruso
Nick of Time,1995,30,47,7790129,Executive Producer,Movie,D.J. Caruso
Drop Zone,1994,39,32,26734233,Producer,Movie,D.J. Caruso
"Bronx Zoo '90: Crime, Chaos, and Baseball",2024-2024,No Score Yet,No Score Yet,Box office not found,"Executive Producer,Director",TV Show,D.J. Caruso
On the Lot,2007-2007,No Score Yet,No Score Yet,Box office not found,Judge,TV Show,D.J. Caruso
Robbery Homicide Division,2002-2002,57,No Score Yet,Box office not found,Director,TV Show,D.J. Caruso
The Shield,2002-2002,90,96,Box office not found,Director,TV Show,D.J. Caruso
Smallville,2002-2002,78,70,Box office not found,Director,TV Show,D.J. Caruso
The Strip,1999-1999,13,No Score Yet,Box office not found,Director,TV Show,D.J. Caruso
Martial Law,1999-1999,No Score Yet,No Score Yet,Box office not found,Director,TV Show,D.J. Caruso
Buddy Faro,1998-1998,92,No Score Yet,Box office not found,Director,TV Show,D.J. Caruso
Max Steel,2016,0%,48,3771397,Director,Movie,Stewart Hendler
Pretty/Tough,2013,No Score Yet,No Score Yet,,Director,Movie,Stewart Hendler
Halo 4: Forward Unto Dawn,2012,No Score Yet,69,,Director,Movie,Stewart Hendler
Sorority Row,2009,25,33,11956207,Director,Movie,Stewart Hendler
Whisper,2007,No Score Yet,42,,Director,Movie,Stewart Hendler
Superman & Lois,2023-2023,88,82,Box office not found,Director,TV Show,Stewart Hendler
The Warfighters,2017-2017,No Score Yet,No Score Yet,Box office not found,Producer,TV Show,Stewart Hendler
Expend4bles,2023,14,70,16244207,Screenwriter,Movie,Max Adams
Precious Cargo,2016,0%,23,,"Director,Screenwriter",Movie,Max Adams
Extraction,2015,6,17,10948,Screenwriter,Movie,Max Adams
Heist,2015,30,41,47239,Screenwriter,Movie,Max Adams
Bride Hard,2024,No Score Yet,No Score Yet,,Director,Movie,Simon West
Skyfire,2019,57,31,,Director,Movie,Simon West
Stratton,2017,0%,23,,Director,Movie,Simon West
Salty,2017,0%,36,,"Director,Producer",Movie,Simon West
The Saint,2017,No Score Yet,37,,"Director,Executive Producer",Movie,Simon West
Wild Card,2015,30,29,,Director,Movie,Simon West
Stolen,2012,18,34,289773,Director,Movie,Simon West
The Expendables 2,2012,68,67,85017401,Director,Movie,Simon West
The Mechanic,2011,54,51,29113588,Director,Movie,Simon West
When a Stranger Calls,2006,8,43,47860214,Director,Movie,Simon West
Black Hawk Down,2001,76,88,108638745,Executive Producer,Movie,Simon West
Lara Croft: Tomb Raider,2001,20,47,131144183,"Director,Writer",Movie,Simon West
The General's Daughter,1999,21,46,102678089,Director,Movie,Simon West
Con Air,1997,58,75,101111259,Director,Movie,Simon West
Swallows and Amazons,1974,No Score Yet,76,,John Walker (Character),Movie,Simon West
Boundless,2022-2022,No Score Yet,79,Box office not found,Director,TV Show,Simon West
The Cape,2011-2011,41,50,Box office not found,Executive Producer,TV Show,Simon West
Human Target,2010-2010,75,90,Box office not found,"Executive Producer,Director",TV Show,Simon West
Close to Home,2005-2007,65,No Score Yet,Box office not found,"Executive Producer,Director",TV Show,Simon West
Keen Eddie,2003-2004,No Score Yet,No Score Yet,Box office not found,"Executive Producer,Director",TV Show,Simon West
Krazy House,2024,22,No Score Yet,,Jesus (Character),Movie,Kevin Connolly
Dashing Through the Snow,2023,32,63,,Unknown (Character),Movie,Kevin Connolly
Chick Fight,2020,38,21,,Dr. Roy (Character),Movie,Kevin Connolly
Gotti,2018,0%,44,4261958,Director,Movie,Kevin Connolly
The Book of Love,2016,8,63,,Executive Producer,Movie,Kevin Connolly
Dear Eleanor,2016,No Score Yet,44,,Director,Movie,Kevin Connolly
Consumed,2015,No Score Yet,33,,Executive Producer,Movie,Kevin Connolly
Entourage,2015,33,57,32363404,Eric (Character),Movie,Kevin Connolly
Reach Me,2014,4,47,,Roger (Character),Movie,Kevin Connolly
Hotel Noir,2012,13,31,,Vance (Character),Movie,Kevin Connolly
Secretariat,2010,64,76,59699513,Bill Nack (Character),Movie,Kevin Connolly
The Ugly Truth,2009,14,60,88915214,Jim (Character),Movie,Kevin Connolly
He's Just Not That Into You,2009,42,59,,Conor (Character),Movie,Kevin Connolly
Gardener of Eden,2007,No Score Yet,33,,Director,Movie,Kevin Connolly
One Piece Movie: The Desert Princess and the Pirates; Adventures in Alabasta,2007,No Score Yet,71,,Pell (Character),Movie,Kevin Connolly
Fullmetal Alchemist,2006,No Score Yet,No Score Yet,,Kain Fuery (Voice),Movie,Kevin Connolly
The Notebook,2004,54,85,81001787,Fin (Character),Movie,Kevin Connolly
Devious Beings,2002,No Score Yet,No Score Yet,,Casey (Character),Movie,Kevin Connolly
Antwone Fisher,2002,78,86,21078145,Slim (Character),Movie,Kevin Connolly
John Q,2002,26,78,71026631,Steve Maguire (Character),Movie,Kevin Connolly
Don's Plum,2001,No Score Yet,62,,Jeremy (Character),Movie,Kevin Connolly
Bad Trip,1999,No Score Yet,No Score Yet,,Unknown (Character),Movie,Kevin Connolly
Case Closed: The Last Wizard of the Century,1999,No Score Yet,No Score Yet,,Harley Hartwell (Voice),Movie,Kevin Connolly
Sub Down,1997,No Score Yet,62,,Petty Officer Holliday (Character),Movie,Kevin Connolly
Alan & Naomi,1992,No Score Yet,84,84855,Shaun Kelly (Character),Movie,Kevin Connolly
The Oath,2019-2019,No Score Yet,100,Box office not found,"Unknown (Guest Star),Director",TV Show,Kevin Connolly
Snatch,2018-2018,39,73,Box office not found,Director,TV Show,Kevin Connolly
Pitch,2016-2016,93,83,Box office not found,Unknown (Guest Star),TV Show,Kevin Connolly
Alan Carr: Chatty Man,2015-2015,No Score Yet,No Score Yet,Box office not found,Guest,TV Show,Kevin Connolly
The Ellen DeGeneres Show,2015-2015,No Score Yet,No Score Yet,Box office not found,Guest,TV Show,Kevin Connolly
Watch What Happens Live With Andy Cohen,2015-2015,No Score Yet,No Score Yet,Box office not found,Guest,TV Show,Kevin Connolly
The Tonight Show Starring Jimmy Fallon,2015-2015,No Score Yet,44,Box office not found,Guest,TV Show,Kevin Connolly
Friends With Better Lives,2014-2014,13,69,Box office not found,Bobby (Character),TV Show,Kevin Connolly
30 for 30,2013-2013,No Score Yet,No Score Yet,Box office not found,Director,TV Show,Kevin Connolly
Late Night With Jimmy Fallon,"2009-2011,2013",No Score Yet,No Score Yet,Box office not found,Guest,TV Show,Kevin Connolly
Vietnam in HD,2011-2011,No Score Yet,No Score Yet,Box office not found,Unknown (Voice),TV Show,Kevin Connolly
Entourage,2004-2011,65,82,Box office not found,Eric Murphy (Character),TV Show,Kevin Connolly
Conan,2011-2011,No Score Yet,No Score Yet,Box office not found,Guest,TV Show,Kevin Connolly
Rachael Ray,2009-2009,No Score Yet,No Score Yet,Box office not found,Guest,TV Show,Kevin Connolly
Late Night With Conan O'Brien,2008-2009,No Score Yet,No Score Yet,Box office not found,Guest,TV Show,Kevin Connolly
Viva Laughlin,2007-2007,25,No Score Yet,Box office not found,Unknown (Guest Star),TV Show,Kevin Connolly
Robot Chicken,2007-2007,No Score Yet,84,Box office not found,Unknown (Guest Voice),TV Show,Kevin Connolly
Unhappily Ever After,1995-1999,No Score Yet,No Score Yet,Box office not found,"Ryan Malloy (Character),Director",TV Show,Kevin Connolly
Afterschool Special,1995-1996,No Score Yet,No Score Yet,Box office not found,Unknown (Character),TV Show,Kevin Connolly
Wings,1993-1993,No Score Yet,No Score Yet,Box office not found,Unknown (Guest Star),TV Show,Kevin Connolly
Great Scott!,1992-1992,50,No Score Yet,Box office not found,Larry O'Donnell (Character),TV Show,Kevin Connolly
"London Fields, The Director's Cut",2019,No Score Yet,26,,"Director,Screenwriter",Movie,Mathew Cullen
London Fields,2018,0%,32,249796,Director,Movie,Mathew Cullen
The Queen's Corgi,2019,0%,38,,Director,Movie,Vincent Kesteloot
The Wild Life,2016,17,29,7965609,"Director,Art Director",Movie,Vincent Kesteloot
Robinson Crusoe,2016,No Score Yet,14,,Director,Movie,Vincent Kesteloot
Sammy 2,2012,20,35,,"Director,Film Editing,Art Director",Movie,Vincent Kesteloot
Chickenhare and the Hamster of Darkness,2022,No Score Yet,76,,"Director,Producer",Movie,Ben Stassen
Chickenhare and the Hamster of Darkness,2022,No Score Yet,No Score Yet,,"Director,Producer",Movie,Ben Stassen
Chickenhare and the Hamster of Darkness,2022,No Score Yet,No Score Yet,,"Director,Producer",Movie,Ben Stassen
Bigfoot Family,2020,No Score Yet,34,,"Director,Producer",Movie,Ben Stassen
The Queen's Corgi,2019,0%,38,,Director,Movie,Ben Stassen
The Son of Bigfoot,2017,75,43,,"Director,Cinematographer,Producer",Movie,Ben Stassen
The Son of Bigfoot,2017,No Score Yet,No Score Yet,,Director,Movie,Ben Stassen
The Wild Life,2016,17,29,7965609,"Director,Producer",Movie,Ben Stassen
Robinson Crusoe,2016,No Score Yet,14,,Producer,Movie,Ben Stassen
Wild Cats,2015,No Score Yet,No Score Yet,,"Director,Writer,Producer",Movie,Ben Stassen
African Safari,2013,No Score Yet,No Score Yet,,Director,Movie,Ben Stassen
The House of Magic,2013,76,54,,"Director,Screenwriter,Producer",Movie,Ben Stassen
The House of Magic,2013,No Score Yet,No Score Yet,,"Director,Screenwriter,Producer",Movie,Ben Stassen
The House of Magic,2013,No Score Yet,No Score Yet,,"Director,Screenwriter,Producer",Movie,Ben Stassen
The House of Magic,2013,No Score Yet,No Score Yet,,"Director,Screenwriter,Producer",Movie,Ben Stassen
Sammy 2,2012,20,35,,"Director,Producer",Movie,Ben Stassen
A Turtle's Tale: Sammy's Adventures,2010,44,47,,Director,Movie,Ben Stassen
A Turtle's Tale: Sammy's Adventures,2010,No Score Yet,No Score Yet,,Director,Movie,Ben Stassen
Fly Me to the Moon,2008,20,25,,"Director,Executive Producer",Movie,Ben Stassen
African Adventure: Safari in the Okavango,2007,No Score Yet,57,,"Director,Producer",Movie,Ben Stassen
Wild Safari: A South African Adventure,2005,83,64,16621230,Director,Movie,Ben Stassen
Misadventures,2003,No Score Yet,No Score Yet,,Director,Movie,Ben Stassen
S.O.S. Planet,2002,No Score Yet,No Score Yet,,"Director,Writer,Executive Producer",Movie,Ben Stassen
Haunted Castle,2001,25,47,13651656,"Director,Executive Producer,Writer,Film Editing",Movie,Ben Stassen
Alien Adventure,2000,No Score Yet,No Score Yet,5017087,"Director,Writer,Executive Producer,Cinematographer",Movie,Ben Stassen
Encounter in the Third Dimension,1998,73,64,7195401,"Executive Producer,Writer,Director",Movie,Ben Stassen
Thrill Ride: The Science of Fun,1997,No Score Yet,58,18787300,"Director,Writer",Movie,Ben Stassen
John Henry,2020,0%,22,,"Director,Screenwriter",Movie,Will Forbes
The Last Days of American Crime,2020,0%,22,,Director,Movie,Olivier Megaton
Taken 3,2014,13,43,89253340,Director,Movie,Olivier Megaton
Taken 2,2012,22,52,139852971,Director,Movie,Olivier Megaton
Colombiana,2011,28,67,36665854,Director,Movie,Olivier Megaton
Transporter 3,2008,40,48,31316973,Director,Movie,Olivier Megaton
The Red Siren,2002,No Score Yet,39,,"Director,Writer",Movie,Olivier Megaton
La Sirene Rouge,2002,No Score Yet,44,,Director,Movie,Olivier Megaton
Exit,2000,No Score Yet,No Score Yet,,Director,Movie,Olivier Megaton
Monsters Inside: The 24 Faces of Billy Milligan,2021-2021,No Score Yet,30,Box office not found,"Director,Writer",TV Show,Olivier Megaton
Taxi Brooklyn,2014-2014,35,47,Box office not found,Executive Producer,TV Show,Olivier Megaton
Wire Room,2022,No Score Yet,91,,Director,Movie,Matt Eskandari
Hard Kill,2020,0%,59,,Director,Movie,Matt Eskandari
Survive the Night,2020,13,53,,Director,Movie,Matt Eskandari
Trauma Center,2019,20,55,,Director,Movie,Matt Eskandari
12 Feet Deep,2016,No Score Yet,88,,"Director,Screenwriter",Movie,Matt Eskandari
Game of Assassins,2013,No Score Yet,78,,"Director,Producer",Movie,Matt Eskandari
Victim,2010,No Score Yet,66,,Director,Movie,Matt Eskandari
Hijacked: 97 Minutes to Live,2022,43,84,,Director,Movie,Timo Vuorensola
Mad Heidi,2022,89,95,,Executive Producer,Movie,Timo Vuorensola
Jeepers Creepers: Reborn,2022,0%,7,1956516,Director,Movie,Timo Vuorensola
Iron Sky: The Coming Race,2019,29,28,,"Director,Producer",Movie,Timo Vuorensola
Iron Sky,2012,42,37,13598,Director,Movie,Timo Vuorensola
Star Wreck: In the Pirkinning,2005,No Score Yet,67,,"Unknown (Character),Director",Movie,Timo Vuorensola
